{"stats":{"minecraft:mined":{"luminousworld:white_petunias":1,"luminousworld:savannah_soil":1,"minecraft:mossy_cobblestone":2,"minecraft:crafting_table":2,"iceandfire:podium_acacia":1,"minecraft:torch":1,"minecraft:acacia_log":5,"luminousworld:bao_bob_wood":1,"minecraft:grass_block":1,"luminousworld:grassvariant_2":1,"minecraft:stone_slab":1,"minecraft:tall_grass":1,"minecraft:cartography_table":1,"luminousworld:savanna_grass_2":3,"luminousworld:bao_bob_log":8,"minecraft:yellow_bed":1,"minecraft:grass":1,"minecraft:oak_log":5,"luminousworld:grassvariant_3":1,"luminousworld:groundpebbles_2":2,"minecraft:tripwire_hook":2,"minecraft:stone":21,"luminousworld:savannah_grass_4":2,"luminousworld:elephant_grass":1,"minecraft:player_head":1,"minecraft:oak_leaves":1},"minecraft:custom":{"minecraft:interact_with_furnace":7,"minecraft:mob_kills":9,"minecraft:interact_with_cartography_table":1,"minecraft:interact_with_crafting_table":4,"minecraft:tune_noteblock":2,"minecraft:open_barrel":2,"minecraft:interact_with_loom":2,"minecraft:eat_cake_slice":7,"minecraft:leave_game":1,"minecraft:time_since_death":2810,"minecraft:sleep_in_bed":4,"minecraft:damage_resisted":58,"minecraft:time_since_rest":450,"minecraft:sprint_one_cm":141679,"minecraft:damage_taken":1301,"minecraft:walk_one_cm":150540,"tombstone:eaten_lollipop":1,"minecraft:damage_dealt":1688,"minecraft:talked_to_villager":2,"minecraft:swim_one_cm":1974,"minecraft:fly_one_cm":267692,"minecraft:open_chest":14,"minecraft:crouch_one_cm":17,"minecraft:play_time":48430,"tombstone:undead_killed":3,"minecraft:deaths":2,"minecraft:sneak_time":37,"minecraft:walk_under_water_one_cm":1381,"minecraft:jump":1113,"minecraft:walk_on_water_one_cm":1280,"minecraft:interact_with_smoker":3,"minecraft:total_world_time":48430,"minecraft:fall_one_cm":27887},"minecraft:crafted":{"minecraft:crafting_table":2,"minecraft:wooden_pickaxe":1,"minecraft:stone_axe":1,"minecraft:stick":8,"minecraft:stone_pickaxe":1,"minecraft:stone_sword":1,"minecraft:acacia_planks":24},"minecraft:used":{"minecraft:beetroot":1,"minecraft:stone_sword":31,"minecraft:stone_pickaxe":18,"minecraft:cartography_table":1,"minecraft:wooden_pickaxe":31,"tombstone:lollipop":1,"minecraft:crafting_table":3,"minecraft:mushroom_stew":1,"minecraft:cake":1,"tombstone:bag_of_seeds":2,"minecraft:bread":10,"minecraft:stone_axe":22,"minecraft:potion":1,"tombstone:gift":2,"minecraft:yellow_bed":1},"minecraft:killed_by":{"minecraft:skeleton":1,"minecraft:zombie":1},"minecraft:picked_up":{"luminousworld:groundpebbles_1":3,"minecraft:crafting_table":1,"minecraft:wheat":9,"born_in_chaos_v1:monster_flesh":1,"minecraft:tripwire_hook":2,"minecraft:yellow_bed":1,"minecraft:dirt":1,"born_in_chaos_v1:monster_skin":1,"minecraft:bone":3,"iceandfire:bestiary":1,"minecraft:wheat_seeds":9,"minecraft:cartography_table":1,"minecraft:player_head":1,"tombstone:bag_of_seeds":1,"iceandfire:podium_acacia":1,"minecraft:stick":3,"minecraft:acacia_log":6,"luminousworld:savannah_soil":1,"minecraft:porkchop":4,"tombstone:lollipop":1,"twilightforest:magic_beans":1,"minecraft:stone_sword":1,"minecraft:rotten_flesh":3,"minecraft:tropical_fish":1,"minecraft:stone_axe":1,"luminousworld:bao_bob_log":8,"minecraft:mutton":2,"minecraft:cobblestone":21},"minecraft:killed":{"minecraft:pig":3,"born_in_chaos_v1:decrepit_skeleton":1,"born_in_chaos_v1:maggot":1,"born_in_chaos_v1:dread_hound":1,"alexsmobs:gazelle":1,"luminousworld:savannah_zombie":2}},"DataVersion":3465}