{"stats":{"minecraft:killed_by":{"born_in_chaos_v1:corpse_fly":2,"minecraft:zombie":1,"enemyexpansion:invisicreeper":2,"minecraft:husk":4,"minecraft:player":1,"minecraft:skeleton":1,"undead_revamp2:thebeartamer":1},"minecraft:killed":{"minecraft:cave_spider":8,"undead_revamp2:thesmoker":1,"undead_revamp2:theswarmer":2,"minecraft:skeleton":10,"enemyexpansion:vampflyer":1,"artifacts:mimic":1,"minecraft:pig":3,"born_in_chaos_v1:diamond_termite":3,"minecraft:sheep":4,"enemyexpansion:meature":1,"minecraft:zombie":5,"born_in_chaos_v1:dread_hound":1,"enemyexpansion:vampire":2,"born_in_chaos_v1:corpse_fly":2,"enemyexpansion:botfly":7,"enemyexpansion:direwolf":4,"enemyexpansion:goblin_fear":1,"born_in_chaos_v1:maggot":3,"undead_revamp2:sucker":3,"luminousworld:savannah_zombie":2,"minecraft:husk":2,"born_in_chaos_v1:baby_skeleton":1,"undead_revamp2:the_moonflower":1,"enemyexpansion:sprinter":1,"born_in_chaos_v1:decrepit_skeleton":1,"alexsmobs:gazelle":1,"enemyexpansion:huntsman":1},"minecraft:used":{"minecraft:beetroot":10,"minecraft:iron_shovel":214,"minecraft:shield":26,"minecraft:iron_sword":334,"tombstone:lollipop":3,"minecraft:rotten_flesh":1,"minecraft:mutton":1,"minecraft:carrot":11,"minecraft:lantern":1,"luminousworld:white_oak_sapling":4,"minecraft:birch_sapling":9,"minecraft:iron_helmet":1,"minecraft:furnace":10,"minecraft:oak_sapling":5,"minecraft:egg":1,"iceandfire:podium_acacia":1,"minecraft:stone_pickaxe":413,"minecraft:oak_planks":160,"minecraft:wooden_pickaxe":42,"luminousworld:groundpebbles_1":3,"minecraft:golden_apple":1,"luminousworld:baobab_plank":8,"minecraft:mushroom_stew":1,"minecraft:black_bed":1,"born_in_chaos_v1:monster_flesh":1,"minecraft:bread":61,"tombstone:grave_key":6,"minecraft:gravel":1,"minecraft:soul_lantern":1,"supplementaries:flax_seeds":5,"quark:birch_chest":10,"minecraft:stone_sword":93,"luminousworld:whiteoaklog":21,"minecraft:tropical_fish":1,"luminousworld:bao_bob_log":1,"minecraft:oak_door":5,"minecraft:torch":175,"minecraft:dirt":45,"minecraft:iron_hoe":56,"minecraft:dark_oak_planks":3,"minecraft:iron_axe":373,"minecraft:iron_boots":1,"minecraft:gunpowder":2,"tombstone:gift":6,"minecraft:acacia_planks":1,"minecraft:cobbled_deepslate":2,"minecraft:wheat_seeds":29,"minecraft:cooked_mutton":1,"minecraft:water_bucket":22,"minecraft:amethyst_block":1,"minecraft:birch_planks":290,"minecraft:cartography_table":1,"minecraft:cracked_stone_bricks":1,"minecraft:crafting_table":10,"quark:acacia_chest":1,"minecraft:white_bed":2,"minecraft:cake":1,"tombstone:bag_of_seeds":2,"minecraft:apple":4,"minecraft:iron_pickaxe":687,"minecraft:stone_axe":52,"minecraft:cobblestone":327,"minecraft:potion":1,"minecraft:cooked_porkchop":4,"minecraft:bucket":22,"minecraft:yellow_bed":1,"quark:oak_chest":1},"minecraft:crafted":{"minecraft:oak_planks":152,"quark:birch_chest":8,"minecraft:cooked_mutton":1,"minecraft:iron_boots":1,"minecraft:bow":1,"minecraft:cooked_porkchop":4,"minecraft:crafting_table":6,"minecraft:wooden_pickaxe":1,"minecraft:iron_helmet":1,"minecraft:birch_planks":344,"minecraft:iron_chestplate":1,"minecraft:shield":1,"minecraft:stick":56,"quark:oak_chest":1,"minecraft:iron_ingot":161,"minecraft:iron_pickaxe":3,"minecraft:gold_ingot":12,"minecraft:stone_sword":1,"minecraft:black_bed":1,"minecraft:oak_door":3,"minecraft:furnace":6,"luminousworld:white_oak_slab":3,"quark:acacia_chest":1,"minecraft:iron_axe":2,"luminousworld:white_oak_plank":37,"minecraft:iron_hoe":1,"minecraft:stone_pickaxe":4,"minecraft:wheat":180,"iceandfire:silver_ingot":11,"minecraft:iron_sword":2,"minecraft:bucket":4,"minecraft:stone_axe":1,"minecraft:bread":40,"minecraft:air":0,"minecraft:iron_shovel":1,"minecraft:iron_leggings":1,"minecraft:white_bed":1,"minecraft:acacia_planks":24,"minecraft:torch":88,"luminousworld:baobab_plank":28},"minecraft:mined":{"luminousworld:white_petunias":5,"minecraft:dark_oak_planks":4,"minecraft:large_amethyst_bud":3,"minecraft:white_bed":1,"luminousworld:yellowpetunias":2,"minecraft:jungle_leaves":99,"minecraft:budding_amethyst":3,"minecraft:acacia_log":5,"luminousworld:bao_bob_wood":1,"minecraft:grass_block":180,"luminousworld:baobab_plank":1,"luminousworld:savanna_grass_2":3,"minecraft:spawner":1,"minecraft:iron_ore":86,"minecraft:fire":1,"minecraft:anvil":1,"minecraft:deepslate_lapis_ore":9,"minecraft:small_amethyst_bud":5,"minecraft:player_head":1,"minecraft:medium_amethyst_bud":2,"minecraft:amethyst_cluster":2,"minecraft:soul_lantern":2,"iceandfire:podium_acacia":1,"minecraft:torch":2,"minecraft:blast_furnace":1,"minecraft:calcite":1,"minecraft:cobblestone":127,"minecraft:oak_planks":39,"minecraft:wall_torch":7,"minecraft:amethyst_block":1,"minecraft:jungle_wood":2,"minecraft:birch_log":88,"minecraft:wheat":7,"luminousworld:bao_bob_log":8,"minecraft:grass":81,"quark:birch_chest":2,"minecraft:oak_log":46,"minecraft:dirt":62,"luminousworld:grassvariant_3":21,"minecraft:tripwire_hook":2,"luminousworld:savannah_grass_4":2,"minecraft:oak_leaves":7,"minecraft:deepslate":9,"alexscaves:spelunkery_table":1,"minecraft:tuff":82,"iceandfire:silver_ore":10,"minecraft:mossy_cobblestone":5,"luminousworld:grassvariant_4":1,"minecraft:oak_door":1,"born_in_chaos_v1:infected_diamond_ore":3,"minecraft:glow_lichen":1,"minecraft:jungle_planks":9,"iceandfire:deepslate_silver_ore":1,"luminousworld:grassvariant_2":20,"minecraft:cartography_table":1,"minecraft:redstone_ore":5,"minecraft:oak_trapdoor":2,"minecraft:furnace":4,"supplementaries:flax":2,"supplementaries:gunpowder":2,"minecraft:bookshelf":3,"minecraft:deepslate_iron_ore":26,"minecraft:vine":2,"minecraft:rail":1,"minecraft:lantern":1,"minecraft:stripped_oak_log":3,"luminousworld:groundpebbles_2":2,"minecraft:stone":465,"luminousworld:savannah_soil":1,"minecraft:oak_slab":2,"minecraft:acacia_leaves":1,"born_in_chaos_v1:marigolds":3,"minecraft:dandelion":1,"minecraft:crafting_table":5,"minecraft:stone_slab":1,"luminousworld:grassflowers":2,"minecraft:tall_grass":17,"minecraft:copper_ore":16,"minecraft:deepslate_gold_ore":10,"minecraft:diorite":1,"luminousworld:whiteoaklog":52,"supplementaries:urn":35,"minecraft:birch_planks":12,"minecraft:birch_leaves":3,"minecraft:yellow_bed":1,"minecraft:coal_ore":160,"minecraft:gravel":2,"minecraft:cobweb":19,"minecraft:cracked_stone_bricks":1,"luminousworld:elephant_grass":1,"minecraft:mossy_stone_bricks":1,"minecraft:gold_ore":11,"minecraft:fern":2},"minecraft:broken":{"minecraft:stone_pickaxe":3,"minecraft:iron_sword":1,"minecraft:stone_sword":2,"minecraft:iron_axe":1,"minecraft:iron_pickaxe":3},"minecraft:picked_up":{"minecraft:wheat":9,"minecraft:anvil":1,"minecraft:amethyst_block":1,"minecraft:string":22,"minecraft:gold_nugget":42,"minecraft:cobbled_deepslate":8,"minecraft:furnace":4,"minecraft:stick":22,"minecraft:porkchop":4,"minecraft:torch":99,"minecraft:acacia_log":6,"luminousworld:savannah_soil":1,"tombstone:grave_dust":3,"tombstone:lollipop":3,"luminousworld:grassflowers":2,"minecraft:stone_sword":2,"minecraft:rotten_flesh":21,"minecraft:tropical_fish":1,"supplementaries:antique_ink":1,"supplementaries:ash":74,"minecraft:cobblestone":582,"minecraft:birch_log":86,"minecraft:jungle_wood":1,"minecraft:tuff":1,"supplementaries:flax_seeds":4,"minecraft:dirt":226,"minecraft:lantern":1,"born_in_chaos_v1:monster_skin":1,"born_in_chaos_v1:marigolds":3,"minecraft:bone":31,"minecraft:acacia_planks":1,"minecraft:wheat_seeds":28,"minecraft:raw_gold":6,"minecraft:mossy_stone_bricks":2,"minecraft:oak_planks":39,"minecraft:jungle_planks":9,"minecraft:mossy_cobblestone":5,"minecraft:bundle":3,"minecraft:iron_hoe":1,"luminousworld:yellowpetunias":2,"minecraft:soul_lantern":2,"minecraft:bread":2,"minecraft:emerald":2,"minecraft:oak_sapling":5,"luminousworld:bao_bob_log":8,"luminousworld:groundpebbles_1":3,"born_in_chaos_v1:diamond_termite_shard":3,"minecraft:crafting_table":4,"minecraft:ladder":1,"aether:leather_gloves":2,"minecraft:iron_shovel":1,"supplementaries:bomb":3,"iceandfire:bestiary":1,"minecraft:cracked_stone_bricks":1,"minecraft:cartography_table":1,"minecraft:iron_nugget":31,"minecraft:player_head":2,"minecraft:jungle_sapling":3,"iceandfire:podium_acacia":1,"minecraft:birch_sapling":9,"minecraft:egg":1,"minecraft:raw_iron":9,"minecraft:oak_door":3,"minecraft:copper_ingot":48,"quark:birch_chest":2,"minecraft:carrot":1,"minecraft:dark_oak_planks":3,"luminousworld:baobab_plank":1,"luminousworld:white_oak_sapling":4,"twilightforest:magic_beans":1,"minecraft:arrow":10,"artifacts:snowshoes":1,"alexscaves:spelunkery_table":1,"minecraft:gold_ingot":1,"minecraft:mutton":8,"minecraft:white_wool":4,"minecraft:rail":4,"minecraft:stripped_oak_log":3,"born_in_chaos_v1:corpse_maggot":2,"born_in_chaos_v1:monster_flesh":1,"minecraft:tripwire_hook":2,"minecraft:birch_planks":11,"minecraft:oak_log":38,"minecraft:yellow_bed":1,"minecraft:gunpowder":8,"minecraft:paper":2,"minecraft:apple":2,"tombstone:bag_of_seeds":1,"luminousworld:white_petunias":7,"minecraft:book":9,"minecraft:oak_slab":1,"minecraft:dandelion":1,"luminousworld:sunset_petunias":1,"minecraft:gravel":3,"minecraft:amethyst_shard":14,"minecraft:blast_furnace":1,"minecraft:white_bed":1,"minecraft:spider_eye":2,"luminousworld:whiteoaklog":48,"minecraft:stone_axe":1,"minecraft:coal":130},"minecraft:dropped":{"luminousworld:yellowpetunias":2,"minecraft:glass_bottle":1,"luminousworld:white_petunias":7,"minecraft:dirt":5,"minecraft:gravel":2,"minecraft:iron_nugget":7,"minecraft:rotten_flesh":3,"aether:leather_gloves":2,"luminousworld:savannah_soil":1,"luminousworld:grassflowers":2,"born_in_chaos_v1:corpse_maggot":2,"iceandfire:bestiary":1,"born_in_chaos_v1:marigolds":3,"minecraft:oak_slab":1,"luminousworld:sunset_petunias":1,"minecraft:wheat_seeds":14,"minecraft:mossy_cobblestone":5,"minecraft:cobblestone":43,"minecraft:stick":7,"minecraft:string":1,"minecraft:tripwire_hook":2,"minecraft:dandelion":1,"minecraft:bowl":1,"minecraft:torchflower_seeds":2,"aether:iron_gloves":1,"minecraft:mossy_stone_bricks":2,"minecraft:wooden_pickaxe":1},"minecraft:custom":{"minecraft:animals_bred":1,"minecraft:interact_with_crafting_table":63,"minecraft:open_barrel":35,"minecraft:eat_cake_slice":7,"minecraft:leave_game":4,"minecraft:time_since_death":42293,"minecraft:damage_resisted":58,"minecraft:sprint_one_cm":583279,"minecraft:damage_blocked_by_shield":765,"minecraft:drop":52,"tombstone:eaten_lollipop":3,"minecraft:talked_to_villager":2,"minecraft:play_time":273971,"minecraft:deaths":13,"minecraft:jump":4765,"minecraft:walk_on_water_one_cm":4278,"minecraft:interact_with_furnace":97,"minecraft:interact_with_cartography_table":1,"minecraft:interact_with_loom":3,"minecraft:sleep_in_bed":12,"minecraft:damage_dealt":14844,"minecraft:crouch_one_cm":15167,"tombstone:undead_killed":34,"minecraft:interact_with_smoker":4,"minecraft:interact_with_anvil":1,"minecraft:mob_kills":77,"minecraft:damage_dealt_resisted":49,"minecraft:climb_one_cm":10646,"minecraft:walk_one_cm":1023442,"minecraft:sneak_time":4290,"minecraft:walk_under_water_one_cm":4260,"minecraft:interact_with_blast_furnace":2,"minecraft:total_world_time":273971,"minecraft:tune_noteblock":2,"minecraft:time_since_rest":42063,"minecraft:damage_taken":7043,"minecraft:damage_absorbed":38,"minecraft:swim_one_cm":1974,"minecraft:fly_one_cm":868135,"minecraft:open_chest":168,"minecraft:fall_one_cm":120783}},"DataVersion":3465}