{"stats":{"minecraft:mined":{"luminousworld:savannah_soil":8,"minecraft:dandelion":1,"iceandfire:dragon_ice_spikes":4,"minecraft:clay":3,"minecraft:crafting_table":2,"minecraft:torch":1,"luminousworld:savannah_grass_1":1,"minecraft:acacia_log":8,"minecraft:grass_block":3,"luminousworld:grassflowers":1,"minecraft:cobblestone":16,"minecraft:tall_grass":3,"minecraft:copper_ore":9,"minecraft:moss_block":2,"luminousworld:savanna_grass_2":1,"minecraft:wall_torch":1,"minecraft:furnace":1,"undead_revamp2:bostroxore":4,"minecraft:iron_ore":59,"minecraft:moss_carpet":1,"minecraft:grass":4,"minecraft:coal_ore":274,"minecraft:oak_log":9,"minecraft:cave_vines":2,"minecraft:dirt":3,"minecraft:stone":59,"luminousworld:elephant_grass":1,"luminousworld:savannah_grass_4":1,"minecraft:oak_leaves":5,"luminousworld:savannah_ground":4},"minecraft:killed_by":{"iceandfire:ice_dragon":1},"minecraft:custom":{"minecraft:interact_with_furnace":21,"minecraft:mob_kills":24,"minecraft:interact_with_crafting_table":13,"minecraft:time_since_death":1780,"minecraft:time_since_rest":1561,"minecraft:sprint_one_cm":114215,"minecraft:damage_taken":1313,"minecraft:walk_one_cm":290125,"minecraft:damage_blocked_by_shield":168,"minecraft:drop":13,"minecraft:damage_dealt":4328,"minecraft:fly_one_cm":142004,"minecraft:deaths":2,"minecraft:crouch_one_cm":1699,"minecraft:play_time":41742,"tombstone:undead_killed":12,"minecraft:sneak_time":412,"minecraft:jump":1158,"minecraft:walk_on_water_one_cm":11,"minecraft:total_world_time":41742,"minecraft:fall_one_cm":23202},"minecraft:broken":{"minecraft:iron_pickaxe":1},"minecraft:used":{"minecraft:stone_sword":22,"minecraft:stone_pickaxe":192,"minecraft:wooden_pickaxe":5,"minecraft:shield":5,"minecraft:iron_sword":76,"luminousworld:savannah_ground":4,"minecraft:torch":54,"minecraft:glow_berries":2,"minecraft:dirt":3,"minecraft:crafting_table":4,"minecraft:wooden_axe":19,"minecraft:apple":2,"minecraft:iron_pickaxe":255,"minecraft:cobblestone":14,"minecraft:furnace":2,"tombstone:gift":2,"minecraft:cooked_beef":8,"minecraft:dark_oak_sapling":2},"minecraft:dropped":{"minecraft:iron_ingot":7,"luminousworld:savannah_soil":8,"luminousworld:grassflowers":2,"minecraft:acacia_sapling":4,"luminousworld:elephant_grass":2,"minecraft:stone_pickaxe":1,"minecraft:wooden_pickaxe":1},"minecraft:killed":{"undead_revamp2:the_moonflower":1,"minecraft:spider":1,"enemyexpansion:sprinter":2,"undead_revamp2:theswarmer":1,"born_in_chaos_v1:maggot":1,"minecraft:skeleton":2,"undead_revamp2:thesomnolence":3,"minecraft:zombie":4,"minecraft:bee":1,"undead_revamp2:sucker":2,"minecraft:cow":4},"minecraft:picked_up":{"minecraft:crafting_table":2,"luminousworld:savannah_ground":4,"minecraft:clay_ball":28,"minecraft:leather":2,"minecraft:oak_log":9,"minecraft:gunpowder":2,"minecraft:moss_carpet":3,"minecraft:dirt":6,"minecraft:string":1,"minecraft:bone":3,"minecraft:apple":2,"minecraft:beef":8,"luminousworld:elephant_grass":2,"minecraft:acacia_sapling":4,"minecraft:iron_boots":1,"minecraft:furnace":1,"iceandfire:pixie_dust":1,"minecraft:dark_oak_sapling":8,"minecraft:stick":6,"minecraft:torch":3,"minecraft:acacia_log":7,"luminousworld:savannah_soil":16,"tombstone:grave_dust":2,"minecraft:dark_oak_log":4,"undead_revamp2:rawbostrox":2,"minecraft:bundle":1,"luminousworld:grassflowers":3,"minecraft:arrow":2,"minecraft:rotten_flesh":11,"minecraft:glow_berries":2,"minecraft:coal":61,"minecraft:cobblestone":71},"minecraft:crafted":{"minecraft:cooked_beef":8,"minecraft:oak_planks":36,"minecraft:crafting_table":2,"minecraft:iron_helmet":1,"minecraft:wooden_pickaxe":1,"minecraft:iron_sword":1,"minecraft:furnace":1,"minecraft:copper_ingot":0,"minecraft:air":0,"minecraft:iron_boots":1,"minecraft:iron_chestplate":1,"minecraft:shield":1,"minecraft:stick":32,"minecraft:iron_ingot":40,"minecraft:iron_pickaxe":1,"minecraft:stone_pickaxe":2,"minecraft:wooden_axe":1,"minecraft:iron_leggings":1,"minecraft:stone_sword":1,"minecraft:acacia_planks":28,"minecraft:torch":68}},"DataVersion":3465}