{"stats":{"minecraft:mined":{"minecraft:piston_head":2,"minecraft:birch_log":8,"minecraft:cobblestone_stairs":1,"minecraft:peony":3,"minecraft:crafting_table":1,"minecraft:grass":2,"minecraft:grass_block":3,"minecraft:oak_log":10,"minecraft:dirt":3,"luminousworld:grassvariant_2":1,"luminousworld:grassvariant_3":1,"minecraft:red_mushroom_block":1,"minecraft:cracked_stone_bricks":1,"ecologics:coconut_log":3,"luminousworld:groundpebbles_2":1,"minecraft:stone":25,"minecraft:stone_bricks":4,"minecraft:netherrack":1,"minecraft:mossy_stone_bricks":1,"minecraft:oak_leaves":2},"minecraft:killed_by":{"iceandfire:gorgon":1},"minecraft:dropped":{"minecraft:birch_sapling":1},"minecraft:picked_up":{"minecraft:birch_log":8,"luminousworld:groundpebbles_1":1,"minecraft:stick":3,"ecologics:coconut_slice":10,"minecraft:oak_log":10,"minecraft:dirt":6,"minecraft:sticky_piston":2,"minecraft:apple":1,"minecraft:stone_bricks":4,"minecraft:cracked_stone_bricks":1,"minecraft:peony":2,"ecologics:coconut_log":1,"minecraft:mossy_stone_bricks":1,"minecraft:mutton":5,"minecraft:netherrack":1,"minecraft:birch_sapling":1,"minecraft:white_wool":3,"minecraft:cobblestone":21},"minecraft:killed":{"minecraft:sheep":3},"minecraft:custom":{"minecraft:time_since_rest":9090,"minecraft:sprint_one_cm":68431,"minecraft:damage_taken":2147483647,"minecraft:walk_one_cm":53503,"minecraft:mob_kills":3,"minecraft:drop":1,"minecraft:damage_dealt":406,"minecraft:interact_with_crafting_table":8,"minecraft:fly_one_cm":71469,"minecraft:crouch_one_cm":235,"minecraft:play_time":17082,"minecraft:deaths":2,"minecraft:sneak_time":88,"minecraft:walk_under_water_one_cm":2687,"minecraft:jump":337,"minecraft:leave_game":1,"minecraft:time_since_death":9496,"minecraft:walk_on_water_one_cm":5223,"minecraft:total_world_time":17082,"minecraft:fall_one_cm":8756},"minecraft:used":{"minecraft:sticky_piston":2,"minecraft:wooden_axe":29,"minecraft:apple":1,"minecraft:stone_pickaxe":31,"minecraft:wooden_pickaxe":11,"tombstone:grave_key":2,"ecologics:coconut_slice":9,"minecraft:dirt":4,"minecraft:crafting_table":1,"ecologics:coconut_log":1,"tombstone:gift":2},"minecraft:crafted":{"minecraft:crafting_table":1,"minecraft:stick":12,"minecraft:wooden_pickaxe":1,"minecraft:stone_pickaxe":1,"minecraft:wooden_axe":1,"minecraft:birch_planks":20}},"DataVersion":3465}