{"stats":{"minecraft:broken":{"minecraft:stone_sword":1,"minecraft:stone_pickaxe":3,"minecraft:iron_pickaxe":1},"minecraft:custom":{"minecraft:mob_kills":31,"minecraft:interact_with_crafting_table":37,"minecraft:open_barrel":2,"minecraft:damage_dealt_resisted":49,"minecraft:eat_cake_slice":7,"minecraft:leave_game":2,"minecraft:time_since_death":10358,"minecraft:climb_one_cm":608,"minecraft:damage_resisted":58,"minecraft:sprint_one_cm":326556,"minecraft:walk_one_cm":459310,"minecraft:damage_blocked_by_shield":450,"minecraft:drop":21,"tombstone:eaten_lollipop":1,"minecraft:talked_to_villager":2,"minecraft:play_time":156805,"minecraft:deaths":7,"minecraft:sneak_time":3232,"minecraft:walk_under_water_one_cm":1381,"minecraft:jump":2751,"minecraft:walk_on_water_one_cm":1280,"minecraft:total_world_time":156805,"minecraft:interact_with_furnace":67,"minecraft:interact_with_cartography_table":1,"minecraft:tune_noteblock":2,"minecraft:interact_with_loom":2,"minecraft:sleep_in_bed":6,"minecraft:time_since_rest":7959,"minecraft:damage_taken":4305,"minecraft:damage_dealt":5854,"minecraft:swim_one_cm":1974,"minecraft:fly_one_cm":538357,"minecraft:open_chest":38,"minecraft:crouch_one_cm":11361,"tombstone:undead_killed":17,"minecraft:interact_with_smoker":3,"minecraft:fall_one_cm":72503},"minecraft:used":{"minecraft:beetroot":10,"minecraft:stone_sword":71,"minecraft:shield":10,"minecraft:iron_sword":96,"luminousworld:bao_bob_log":1,"tombstone:lollipop":1,"minecraft:oak_door":2,"minecraft:torch":93,"minecraft:furnace":5,"minecraft:egg":1,"tombstone:gift":6,"minecraft:acacia_planks":1,"iceandfire:podium_acacia":1,"minecraft:stone_pickaxe":413,"minecraft:cartography_table":1,"minecraft:wooden_pickaxe":42,"luminousworld:groundpebbles_1":3,"minecraft:crafting_table":9,"quark:acacia_chest":1,"minecraft:mushroom_stew":1,"minecraft:black_bed":1,"minecraft:cake":1,"tombstone:bag_of_seeds":2,"minecraft:apple":4,"born_in_chaos_v1:monster_flesh":1,"minecraft:bread":35,"minecraft:iron_pickaxe":330,"tombstone:grave_key":3,"minecraft:gravel":1,"minecraft:stone_axe":52,"minecraft:cobblestone":303,"minecraft:potion":1,"minecraft:cooked_porkchop":4,"minecraft:yellow_bed":1},"minecraft:dropped":{"minecraft:wheat_seeds":11,"minecraft:glass_bottle":1,"luminousworld:white_petunias":6,"minecraft:cobblestone":43,"minecraft:stick":1,"minecraft:dirt":1,"minecraft:tripwire_hook":2,"minecraft:gravel":2,"minecraft:bowl":1,"minecraft:torchflower_seeds":2,"born_in_chaos_v1:corpse_maggot":1,"iceandfire:bestiary":1,"born_in_chaos_v1:marigolds":1},"minecraft:killed":{"enemyexpansion:goblin_fear":1,"born_in_chaos_v1:maggot":1,"minecraft:skeleton":5,"undead_revamp2:sucker":2,"luminousworld:savannah_zombie":2,"enemyexpansion:vampflyer":1,"minecraft:pig":3,"born_in_chaos_v1:diamond_termite":3,"born_in_chaos_v1:baby_skeleton":1,"born_in_chaos_v1:decrepit_skeleton":1,"minecraft:zombie":3,"born_in_chaos_v1:dread_hound":1,"enemyexpansion:vampire":2,"born_in_chaos_v1:corpse_fly":1,"alexsmobs:gazelle":1},"minecraft:mined":{"luminousworld:white_petunias":4,"iceandfire:silver_ore":10,"minecraft:mossy_cobblestone":5,"born_in_chaos_v1:infected_diamond_ore":3,"minecraft:glow_lichen":1,"minecraft:acacia_log":5,"luminousworld:bao_bob_wood":1,"minecraft:grass_block":5,"iceandfire:deepslate_silver_ore":1,"luminousworld:grassvariant_2":11,"minecraft:cartography_table":1,"luminousworld:savanna_grass_2":3,"minecraft:redstone_ore":5,"minecraft:furnace":1,"minecraft:iron_ore":58,"minecraft:fire":1,"minecraft:deepslate_iron_ore":14,"luminousworld:groundpebbles_2":2,"minecraft:stone":459,"minecraft:player_head":1,"luminousworld:savannah_soil":1,"minecraft:acacia_leaves":1,"born_in_chaos_v1:marigolds":1,"minecraft:crafting_table":4,"iceandfire:podium_acacia":1,"minecraft:torch":1,"minecraft:stone_slab":1,"luminousworld:grassflowers":1,"minecraft:tall_grass":6,"minecraft:copper_ore":16,"minecraft:cobblestone":17,"minecraft:deepslate_gold_ore":1,"minecraft:oak_planks":4,"minecraft:wall_torch":4,"supplementaries:urn":25,"luminousworld:whiteoaklog":11,"luminousworld:bao_bob_log":8,"minecraft:yellow_bed":1,"minecraft:grass":37,"minecraft:oak_log":10,"minecraft:coal_ore":121,"minecraft:gravel":2,"minecraft:dirt":21,"luminousworld:grassvariant_3":9,"minecraft:cobweb":1,"minecraft:tripwire_hook":2,"luminousworld:savannah_grass_4":2,"luminousworld:elephant_grass":1,"minecraft:gold_ore":10,"minecraft:oak_leaves":1,"minecraft:deepslate":3},"minecraft:killed_by":{"minecraft:player":1,"born_in_chaos_v1:corpse_fly":1,"minecraft:skeleton":1,"minecraft:zombie":1,"enemyexpansion:invisicreeper":2},"minecraft:crafted":{"minecraft:oak_door":3,"minecraft:oak_planks":20,"minecraft:furnace":4,"luminousworld:white_oak_slab":3,"quark:acacia_chest":1,"minecraft:iron_boots":1,"luminousworld:white_oak_plank":37,"minecraft:stone_pickaxe":4,"minecraft:wheat":180,"minecraft:cooked_porkchop":4,"minecraft:crafting_table":6,"minecraft:wooden_pickaxe":1,"minecraft:iron_sword":1,"minecraft:stone_axe":1,"minecraft:bread":24,"minecraft:air":0,"minecraft:iron_chestplate":1,"minecraft:shield":1,"minecraft:stick":36,"minecraft:iron_pickaxe":2,"minecraft:iron_ingot":39,"minecraft:stone_sword":1,"minecraft:iron_leggings":1,"minecraft:black_bed":1,"minecraft:acacia_planks":24,"minecraft:torch":76,"luminousworld:baobab_plank":28},"minecraft:picked_up":{"luminousworld:groundpebbles_1":3,"born_in_chaos_v1:diamond_termite_shard":3,"minecraft:crafting_table":3,"minecraft:wheat":9,"minecraft:string":2,"iceandfire:bestiary":1,"minecraft:cartography_table":1,"minecraft:cobbled_deepslate":2,"minecraft:player_head":2,"minecraft:iron_nugget":12,"iceandfire:podium_acacia":1,"minecraft:egg":1,"minecraft:furnace":1,"minecraft:stick":3,"minecraft:raw_iron":9,"minecraft:torch":71,"minecraft:acacia_log":6,"luminousworld:savannah_soil":1,"minecraft:porkchop":4,"tombstone:grave_dust":3,"tombstone:lollipop":1,"twilightforest:magic_beans":1,"minecraft:stone_sword":2,"minecraft:arrow":3,"minecraft:rotten_flesh":6,"minecraft:tropical_fish":1,"minecraft:gold_ingot":1,"supplementaries:ash":60,"minecraft:mutton":2,"minecraft:cobblestone":475,"born_in_chaos_v1:corpse_maggot":1,"born_in_chaos_v1:monster_flesh":1,"minecraft:tripwire_hook":2,"minecraft:oak_log":5,"minecraft:yellow_bed":1,"minecraft:gunpowder":6,"minecraft:paper":2,"minecraft:dirt":13,"born_in_chaos_v1:monster_skin":1,"born_in_chaos_v1:marigolds":1,"minecraft:bone":25,"minecraft:acacia_planks":1,"minecraft:wheat_seeds":13,"tombstone:bag_of_seeds":1,"luminousworld:white_petunias":7,"minecraft:oak_planks":4,"minecraft:gravel":3,"minecraft:mossy_cobblestone":5,"luminousworld:whiteoaklog":9,"minecraft:bundle":1,"minecraft:stone_axe":1,"minecraft:emerald":2,"luminousworld:bao_bob_log":8,"minecraft:coal":28}},"DataVersion":3465}