{"stats":{"minecraft:mined":{"luminousworld:white_petunias":4,"luminousworld:savannah_soil":1,"born_in_chaos_v1:marigolds":1,"minecraft:mossy_cobblestone":5,"minecraft:crafting_table":2,"iceandfire:podium_acacia":1,"minecraft:torch":1,"minecraft:acacia_log":5,"luminousworld:bao_bob_wood":1,"minecraft:grass_block":5,"luminousworld:grassvariant_2":11,"minecraft:stone_slab":1,"luminousworld:grassflowers":1,"minecraft:tall_grass":6,"minecraft:cobblestone":7,"minecraft:cartography_table":1,"luminousworld:savanna_grass_2":3,"luminousworld:whiteoaklog":11,"minecraft:iron_ore":6,"luminousworld:bao_bob_log":8,"minecraft:yellow_bed":1,"minecraft:grass":37,"minecraft:coal_ore":28,"minecraft:oak_log":10,"minecraft:dirt":12,"luminousworld:grassvariant_3":9,"minecraft:cobweb":1,"luminousworld:groundpebbles_2":2,"minecraft:tripwire_hook":2,"minecraft:stone":230,"luminousworld:savannah_grass_4":2,"luminousworld:elephant_grass":1,"minecraft:player_head":1,"minecraft:oak_leaves":1},"minecraft:custom":{"minecraft:interact_with_furnace":9,"minecraft:mob_kills":14,"minecraft:interact_with_cartography_table":1,"minecraft:interact_with_crafting_table":10,"minecraft:tune_noteblock":2,"minecraft:open_barrel":2,"minecraft:interact_with_loom":2,"minecraft:eat_cake_slice":7,"minecraft:leave_game":1,"minecraft:time_since_death":3893,"minecraft:sleep_in_bed":4,"minecraft:damage_resisted":58,"minecraft:time_since_rest":3295,"minecraft:sprint_one_cm":182382,"minecraft:damage_taken":2039,"minecraft:walk_one_cm":238519,"minecraft:drop":17,"tombstone:eaten_lollipop":1,"minecraft:damage_dealt":2372,"minecraft:talked_to_villager":2,"minecraft:swim_one_cm":1974,"minecraft:fly_one_cm":323836,"minecraft:open_chest":18,"minecraft:crouch_one_cm":1893,"minecraft:play_time":84430,"tombstone:undead_killed":7,"minecraft:deaths":3,"minecraft:sneak_time":363,"minecraft:walk_under_water_one_cm":1381,"minecraft:jump":1529,"minecraft:walk_on_water_one_cm":1280,"minecraft:interact_with_smoker":3,"minecraft:total_world_time":84430,"minecraft:fall_one_cm":36326},"minecraft:crafted":{"minecraft:cooked_porkchop":4,"minecraft:crafting_table":5,"minecraft:wooden_pickaxe":1,"minecraft:furnace":1,"minecraft:stone_axe":1,"minecraft:air":0,"quark:acacia_chest":1,"luminousworld:white_oak_plank":36,"minecraft:stick":20,"minecraft:stone_pickaxe":3,"minecraft:stone_sword":1,"minecraft:black_bed":1,"minecraft:acacia_planks":24,"minecraft:torch":48,"luminousworld:baobab_plank":28},"minecraft:dropped":{"minecraft:wheat_seeds":11,"minecraft:glass_bottle":1,"minecraft:bowl":1,"luminousworld:white_petunias":6,"minecraft:cobblestone":40,"minecraft:torchflower_seeds":2,"minecraft:dirt":1,"iceandfire:bestiary":1,"born_in_chaos_v1:marigolds":1,"minecraft:tripwire_hook":2},"minecraft:used":{"minecraft:beetroot":10,"minecraft:stone_sword":43,"iceandfire:podium_acacia":1,"minecraft:stone_pickaxe":280,"minecraft:cartography_table":1,"minecraft:wooden_pickaxe":38,"luminousworld:bao_bob_log":1,"tombstone:lollipop":1,"minecraft:torch":4,"minecraft:crafting_table":6,"quark:acacia_chest":1,"minecraft:mushroom_stew":1,"minecraft:black_bed":1,"minecraft:cake":1,"tombstone:bag_of_seeds":2,"minecraft:apple":4,"minecraft:bread":14,"tombstone:grave_key":1,"minecraft:stone_axe":46,"minecraft:cobblestone":115,"minecraft:potion":1,"minecraft:cooked_porkchop":2,"minecraft:furnace":1,"tombstone:gift":2,"minecraft:yellow_bed":1},"minecraft:killed_by":{"minecraft:skeleton":1,"minecraft:zombie":1},"minecraft:picked_up":{"luminousworld:groundpebbles_1":3,"minecraft:crafting_table":1,"minecraft:wheat":9,"born_in_chaos_v1:monster_flesh":1,"minecraft:tripwire_hook":2,"minecraft:oak_log":5,"minecraft:yellow_bed":1,"minecraft:string":2,"minecraft:paper":2,"minecraft:dirt":3,"born_in_chaos_v1:marigolds":1,"born_in_chaos_v1:monster_skin":1,"minecraft:bone":3,"iceandfire:bestiary":1,"minecraft:wheat_seeds":13,"minecraft:cartography_table":1,"minecraft:player_head":2,"tombstone:bag_of_seeds":1,"luminousworld:white_petunias":7,"iceandfire:podium_acacia":1,"minecraft:stick":3,"minecraft:raw_iron":6,"minecraft:acacia_log":6,"luminousworld:savannah_soil":1,"minecraft:porkchop":4,"tombstone:grave_dust":1,"minecraft:mossy_cobblestone":5,"luminousworld:whiteoaklog":9,"tombstone:lollipop":1,"twilightforest:magic_beans":1,"minecraft:stone_sword":1,"minecraft:rotten_flesh":6,"minecraft:tropical_fish":1,"minecraft:stone_axe":1,"minecraft:gold_ingot":1,"luminousworld:bao_bob_log":8,"minecraft:mutton":2,"minecraft:coal":28,"minecraft:cobblestone":236},"minecraft:broken":{"minecraft:stone_pickaxe":2},"minecraft:killed":{"minecraft:pig":3,"born_in_chaos_v1:decrepit_skeleton":1,"born_in_chaos_v1:maggot":1,"minecraft:zombie":2,"born_in_chaos_v1:dread_hound":1,"alexsmobs:gazelle":1,"undead_revamp2:sucker":2,"luminousworld:savannah_zombie":2}},"DataVersion":3465}