{"stats":{"minecraft:killed":{"enemyexpansion:direwolf":3,"enemyexpansion:goblin_fear":1,"undead_revamp2:theswarmer":1,"born_in_chaos_v1:maggot":3,"minecraft:skeleton":10,"undead_revamp2:sucker":3,"luminousworld:savannah_zombie":2,"enemyexpansion:vampflyer":1,"minecraft:husk":2,"minecraft:pig":3,"born_in_chaos_v1:diamond_termite":3,"born_in_chaos_v1:baby_skeleton":1,"undead_revamp2:the_moonflower":1,"enemyexpansion:sprinter":1,"born_in_chaos_v1:decrepit_skeleton":1,"minecraft:sheep":4,"enemyexpansion:meature":1,"minecraft:zombie":4,"born_in_chaos_v1:dread_hound":1,"enemyexpansion:vampire":2,"alexsmobs:gazelle":1,"born_in_chaos_v1:corpse_fly":2,"enemyexpansion:botfly":4,"enemyexpansion:huntsman":1},"minecraft:killed_by":{"minecraft:husk":4,"minecraft:player":1,"born_in_chaos_v1:corpse_fly":2,"minecraft:skeleton":1,"minecraft:zombie":1,"undead_revamp2:thebeartamer":1,"enemyexpansion:invisicreeper":2},"minecraft:used":{"minecraft:beetroot":10,"quark:birch_chest":10,"minecraft:iron_shovel":214,"minecraft:stone_sword":93,"luminousworld:whiteoaklog":21,"minecraft:tropical_fish":1,"minecraft:shield":20,"minecraft:iron_sword":253,"luminousworld:bao_bob_log":1,"tombstone:lollipop":3,"minecraft:rotten_flesh":1,"minecraft:oak_door":5,"minecraft:torch":150,"minecraft:dirt":45,"minecraft:mutton":1,"minecraft:carrot":11,"minecraft:dark_oak_planks":3,"minecraft:iron_hoe":56,"luminousworld:white_oak_sapling":4,"minecraft:birch_sapling":9,"minecraft:lantern":1,"minecraft:iron_axe":352,"minecraft:iron_helmet":1,"minecraft:iron_boots":1,"minecraft:gunpowder":2,"minecraft:oak_sapling":5,"minecraft:furnace":10,"minecraft:egg":1,"tombstone:gift":6,"minecraft:cobbled_deepslate":2,"minecraft:acacia_planks":1,"minecraft:wheat_seeds":29,"minecraft:cooked_mutton":1,"minecraft:water_bucket":22,"iceandfire:podium_acacia":1,"minecraft:birch_planks":290,"minecraft:stone_pickaxe":413,"minecraft:oak_planks":160,"minecraft:cartography_table":1,"minecraft:wooden_pickaxe":42,"luminousworld:groundpebbles_1":3,"luminousworld:baobab_plank":8,"quark:acacia_chest":1,"minecraft:crafting_table":10,"minecraft:mushroom_stew":1,"minecraft:white_bed":2,"minecraft:black_bed":1,"minecraft:cake":1,"tombstone:bag_of_seeds":2,"minecraft:apple":4,"born_in_chaos_v1:monster_flesh":1,"minecraft:bread":58,"supplementaries:flax_seeds":5,"minecraft:iron_pickaxe":544,"minecraft:stone_axe":52,"tombstone:grave_key":6,"minecraft:gravel":1,"minecraft:soul_lantern":1,"minecraft:cobblestone":327,"minecraft:potion":1,"minecraft:cooked_porkchop":4,"minecraft:bucket":22,"minecraft:yellow_bed":1,"quark:oak_chest":1},"minecraft:crafted":{"minecraft:oak_door":3,"minecraft:oak_planks":152,"quark:birch_chest":8,"minecraft:furnace":6,"minecraft:cooked_mutton":1,"luminousworld:white_oak_slab":3,"quark:acacia_chest":1,"minecraft:bow":1,"minecraft:iron_boots":1,"minecraft:iron_axe":2,"luminousworld:white_oak_plank":37,"minecraft:iron_hoe":1,"minecraft:stone_pickaxe":4,"minecraft:wheat":180,"iceandfire:silver_ingot":11,"minecraft:cooked_porkchop":4,"minecraft:crafting_table":6,"minecraft:wooden_pickaxe":1,"minecraft:iron_helmet":1,"minecraft:iron_sword":2,"minecraft:bucket":4,"minecraft:birch_planks":344,"minecraft:stone_axe":1,"minecraft:bread":40,"minecraft:air":0,"minecraft:iron_chestplate":1,"minecraft:shield":1,"minecraft:stick":44,"quark:oak_chest":1,"minecraft:iron_ingot":161,"minecraft:iron_pickaxe":3,"minecraft:stone_sword":1,"minecraft:iron_shovel":1,"minecraft:iron_leggings":1,"minecraft:gold_ingot":12,"minecraft:black_bed":1,"minecraft:white_bed":1,"minecraft:acacia_planks":24,"minecraft:torch":76,"luminousworld:baobab_plank":28},"minecraft:mined":{"luminousworld:white_petunias":5,"minecraft:dark_oak_planks":4,"minecraft:white_bed":1,"iceandfire:silver_ore":10,"luminousworld:yellowpetunias":2,"minecraft:mossy_cobblestone":5,"luminousworld:grassvariant_4":1,"minecraft:oak_door":1,"minecraft:jungle_leaves":99,"born_in_chaos_v1:infected_diamond_ore":3,"minecraft:glow_lichen":1,"minecraft:acacia_log":5,"luminousworld:bao_bob_wood":1,"minecraft:grass_block":180,"iceandfire:deepslate_silver_ore":1,"luminousworld:grassvariant_2":20,"luminousworld:baobab_plank":1,"minecraft:cartography_table":1,"luminousworld:savanna_grass_2":3,"minecraft:redstone_ore":5,"minecraft:furnace":4,"minecraft:iron_ore":67,"supplementaries:flax":2,"minecraft:fire":1,"minecraft:deepslate_lapis_ore":9,"supplementaries:gunpowder":2,"minecraft:vine":2,"minecraft:deepslate_iron_ore":26,"minecraft:lantern":1,"luminousworld:groundpebbles_2":2,"minecraft:stone":465,"minecraft:player_head":1,"luminousworld:savannah_soil":1,"minecraft:acacia_leaves":1,"born_in_chaos_v1:marigolds":3,"minecraft:dandelion":1,"minecraft:soul_lantern":2,"iceandfire:podium_acacia":1,"minecraft:torch":2,"minecraft:crafting_table":5,"minecraft:stone_slab":1,"luminousworld:grassflowers":2,"minecraft:copper_ore":16,"minecraft:tall_grass":17,"minecraft:cobblestone":127,"minecraft:deepslate_gold_ore":1,"minecraft:oak_planks":38,"minecraft:diorite":1,"minecraft:wall_torch":7,"supplementaries:urn":25,"luminousworld:whiteoaklog":52,"minecraft:birch_planks":12,"minecraft:jungle_wood":2,"minecraft:birch_log":88,"minecraft:wheat":7,"minecraft:birch_leaves":3,"luminousworld:bao_bob_log":8,"minecraft:yellow_bed":1,"quark:birch_chest":2,"minecraft:grass":81,"minecraft:oak_log":46,"minecraft:coal_ore":160,"minecraft:gravel":2,"minecraft:dirt":62,"luminousworld:grassvariant_3":21,"minecraft:cobweb":1,"minecraft:tripwire_hook":2,"luminousworld:elephant_grass":1,"luminousworld:savannah_grass_4":2,"minecraft:gold_ore":11,"minecraft:oak_leaves":7,"minecraft:deepslate":3,"minecraft:fern":2},"minecraft:broken":{"minecraft:stone_sword":2,"minecraft:stone_pickaxe":3,"minecraft:iron_axe":1,"minecraft:iron_sword":1,"minecraft:iron_pickaxe":2},"minecraft:picked_up":{"luminousworld:groundpebbles_1":3,"minecraft:crafting_table":4,"born_in_chaos_v1:diamond_termite_shard":3,"minecraft:wheat":9,"minecraft:ladder":1,"aether:leather_gloves":2,"minecraft:string":2,"minecraft:iron_shovel":1,"iceandfire:bestiary":1,"minecraft:cartography_table":1,"minecraft:cobbled_deepslate":2,"minecraft:jungle_sapling":3,"minecraft:player_head":2,"minecraft:iron_nugget":12,"iceandfire:podium_acacia":1,"minecraft:birch_sapling":9,"minecraft:furnace":4,"minecraft:egg":1,"minecraft:stick":22,"minecraft:raw_iron":9,"minecraft:oak_door":3,"minecraft:copper_ingot":48,"minecraft:torch":77,"minecraft:acacia_log":6,"luminousworld:savannah_soil":1,"minecraft:porkchop":4,"quark:birch_chest":2,"tombstone:grave_dust":3,"minecraft:carrot":1,"tombstone:lollipop":3,"minecraft:dark_oak_planks":3,"luminousworld:baobab_plank":1,"luminousworld:white_oak_sapling":4,"twilightforest:magic_beans":1,"luminousworld:grassflowers":2,"minecraft:stone_sword":2,"minecraft:arrow":10,"minecraft:rotten_flesh":20,"minecraft:tropical_fish":1,"minecraft:gold_ingot":1,"supplementaries:ash":62,"minecraft:mutton":8,"minecraft:white_wool":4,"minecraft:cobblestone":582,"minecraft:birch_log":86,"born_in_chaos_v1:corpse_maggot":2,"born_in_chaos_v1:monster_flesh":1,"minecraft:tripwire_hook":2,"minecraft:jungle_wood":1,"minecraft:birch_planks":11,"minecraft:oak_log":38,"supplementaries:flax_seeds":3,"minecraft:yellow_bed":1,"minecraft:gunpowder":8,"minecraft:dirt":226,"minecraft:paper":2,"minecraft:lantern":1,"born_in_chaos_v1:monster_skin":1,"born_in_chaos_v1:marigolds":3,"minecraft:bone":30,"minecraft:acacia_planks":1,"minecraft:apple":2,"minecraft:wheat_seeds":28,"tombstone:bag_of_seeds":1,"luminousworld:white_petunias":7,"minecraft:oak_planks":38,"minecraft:dandelion":1,"luminousworld:sunset_petunias":1,"minecraft:gravel":3,"minecraft:white_bed":1,"minecraft:mossy_cobblestone":5,"luminousworld:whiteoaklog":48,"minecraft:bundle":3,"minecraft:stone_axe":1,"minecraft:soul_lantern":2,"luminousworld:yellowpetunias":2,"minecraft:emerald":2,"minecraft:oak_sapling":5,"luminousworld:bao_bob_log":8,"minecraft:coal":130},"minecraft:custom":{"minecraft:mob_kills":60,"minecraft:animals_bred":1,"minecraft:interact_with_crafting_table":62,"minecraft:open_barrel":30,"minecraft:damage_dealt_resisted":49,"minecraft:eat_cake_slice":7,"minecraft:leave_game":3,"minecraft:time_since_death":27465,"minecraft:climb_one_cm":7141,"minecraft:damage_resisted":58,"minecraft:sprint_one_cm":547289,"minecraft:walk_one_cm":924731,"minecraft:damage_blocked_by_shield":745,"minecraft:drop":47,"tombstone:eaten_lollipop":3,"minecraft:talked_to_villager":2,"minecraft:play_time":259143,"minecraft:deaths":13,"minecraft:sneak_time":4193,"minecraft:walk_under_water_one_cm":4260,"minecraft:jump":4585,"minecraft:walk_on_water_one_cm":4278,"minecraft:total_world_time":259143,"minecraft:interact_with_furnace":97,"minecraft:interact_with_cartography_table":1,"minecraft:tune_noteblock":2,"minecraft:interact_with_loom":2,"minecraft:sleep_in_bed":12,"minecraft:time_since_rest":27235,"minecraft:damage_taken":6732,"minecraft:damage_dealt":12410,"minecraft:swim_one_cm":1974,"minecraft:fly_one_cm":839432,"minecraft:crouch_one_cm":14696,"minecraft:open_chest":162,"tombstone:undead_killed":31,"minecraft:interact_with_smoker":3,"minecraft:fall_one_cm":116753},"minecraft:dropped":{"luminousworld:sunset_petunias":1,"minecraft:wheat_seeds":14,"luminousworld:yellowpetunias":2,"minecraft:mossy_cobblestone":5,"minecraft:glass_bottle":1,"luminousworld:white_petunias":7,"minecraft:cobblestone":43,"minecraft:stick":1,"minecraft:dirt":5,"minecraft:string":1,"minecraft:tripwire_hook":2,"minecraft:dandelion":1,"minecraft:gravel":2,"minecraft:bowl":1,"minecraft:rotten_flesh":3,"aether:leather_gloves":2,"luminousworld:savannah_soil":1,"minecraft:torchflower_seeds":2,"luminousworld:grassflowers":2,"aether:iron_gloves":1,"born_in_chaos_v1:corpse_maggot":2,"iceandfire:bestiary":1,"minecraft:wooden_pickaxe":1,"born_in_chaos_v1:marigolds":3}},"DataVersion":3465}