{"stats":{"minecraft:mined":{"luminousworld:savannah_soil":8,"minecraft:dandelion":1,"minecraft:clay":2,"minecraft:crafting_table":2,"minecraft:torch":1,"luminousworld:savannah_grass_1":1,"minecraft:acacia_log":8,"luminousworld:grassflowers":1,"minecraft:tall_grass":2,"minecraft:copper_ore":9,"luminousworld:savanna_grass_2":1,"minecraft:wall_torch":1,"minecraft:furnace":1,"undead_revamp2:bostroxore":4,"minecraft:iron_ore":51,"minecraft:grass":4,"minecraft:coal_ore":218,"minecraft:oak_log":9,"minecraft:cave_vines":2,"minecraft:dirt":3,"minecraft:stone":57,"luminousworld:elephant_grass":1,"luminousworld:savannah_grass_4":1,"minecraft:oak_leaves":5,"luminousworld:savannah_ground":4},"minecraft:custom":{"minecraft:interact_with_furnace":9,"minecraft:mob_kills":21,"minecraft:interact_with_crafting_table":7,"minecraft:time_since_death":29742,"minecraft:time_since_rest":29742,"minecraft:sprint_one_cm":89510,"minecraft:damage_taken":675,"minecraft:walk_one_cm":205402,"minecraft:damage_blocked_by_shield":90,"minecraft:drop":4,"minecraft:damage_dealt":3464,"minecraft:fly_one_cm":128338,"minecraft:crouch_one_cm":1592,"minecraft:play_time":29742,"tombstone:undead_killed":9,"minecraft:sneak_time":388,"minecraft:jump":829,"minecraft:walk_on_water_one_cm":11,"minecraft:total_world_time":29742,"minecraft:fall_one_cm":18222},"minecraft:used":{"minecraft:stone_sword":22,"minecraft:stone_pickaxe":141,"minecraft:wooden_pickaxe":5,"minecraft:shield":3,"minecraft:iron_sword":54,"luminousworld:savannah_ground":4,"minecraft:torch":48,"minecraft:crafting_table":3,"minecraft:wooden_axe":19,"minecraft:iron_pickaxe":216,"minecraft:cobblestone":12,"minecraft:furnace":1,"minecraft:cooked_beef":8},"minecraft:dropped":{"luminousworld:savannah_soil":8,"minecraft:stone_pickaxe":1,"minecraft:wooden_pickaxe":1},"minecraft:killed":{"undead_revamp2:the_moonflower":1,"minecraft:spider":1,"enemyexpansion:sprinter":2,"undead_revamp2:theswarmer":1,"born_in_chaos_v1:maggot":1,"minecraft:skeleton":2,"undead_revamp2:thesomnolence":3,"minecraft:zombie":3,"minecraft:bee":1,"minecraft:cow":4},"minecraft:picked_up":{"minecraft:crafting_table":2,"luminousworld:savannah_ground":4,"minecraft:clay_ball":8,"minecraft:leather":2,"minecraft:oak_log":9,"minecraft:gunpowder":2,"minecraft:dirt":3,"minecraft:string":1,"minecraft:bone":2,"minecraft:apple":1,"minecraft:beef":8,"luminousworld:elephant_grass":1,"minecraft:acacia_sapling":2,"minecraft:furnace":1,"minecraft:torch":2,"minecraft:acacia_log":7,"luminousworld:savannah_soil":16,"undead_revamp2:rawbostrox":2,"minecraft:bundle":1,"luminousworld:grassflowers":1,"minecraft:arrow":2,"minecraft:rotten_flesh":10,"minecraft:glow_berries":2,"minecraft:coal":61,"minecraft:cobblestone":53},"minecraft:crafted":{"minecraft:cooked_beef":8,"minecraft:oak_planks":36,"minecraft:crafting_table":2,"minecraft:wooden_pickaxe":1,"minecraft:iron_sword":1,"minecraft:furnace":1,"minecraft:copper_ingot":0,"minecraft:air":0,"minecraft:shield":1,"minecraft:stick":32,"minecraft:iron_ingot":11,"minecraft:iron_pickaxe":1,"minecraft:stone_pickaxe":2,"minecraft:wooden_axe":1,"minecraft:stone_sword":1,"minecraft:acacia_planks":28,"minecraft:torch":68}},"DataVersion":3465}