{"stats":{"minecraft:killed_by":{"enemyexpansion:slugger":1},"minecraft:used":{"minecraft:wooden_axe":3,"minecraft:stone_sword":20,"minecraft:bread":2,"minecraft:stone_pickaxe":30,"minecraft:wooden_pickaxe":59,"tombstone:lollipop":1,"minecraft:cobblestone":3,"minecraft:crafting_table":2},"minecraft:mined":{"minecraft:acacia_leaves":4,"minecraft:iron_ore":7,"luminousworld:bao_bob_log":1,"minecraft:crafting_table":2,"minecraft:acacia_log":2,"luminousworld:bao_bob_wood":2,"minecraft:coal_ore":70,"minecraft:cobblestone":2,"minecraft:stone":10},"minecraft:picked_up":{"born_in_chaos_v1:corpse_maggot":2,"minecraft:crafting_table":2,"minecraft:andesite":1,"minecraft:acacia_log":1,"luminousworld:bao_bob_wood":2,"minecraft:gunpowder":1,"tombstone:lollipop":1,"minecraft:bundle":1,"minecraft:bone":3,"minecraft:rotten_flesh":3,"luminousworld:bao_bob_log":1,"minecraft:cobblestone":12},"minecraft:broken":{"minecraft:wooden_pickaxe":1},"minecraft:crafted":{"minecraft:crafting_table":1,"minecraft:stick":12,"minecraft:wooden_pickaxe":1,"minecraft:stone_pickaxe":1,"minecraft:wooden_axe":1,"minecraft:stone_sword":1,"minecraft:acacia_planks":4,"luminousworld:baobab_plank":12},"minecraft:custom":{"minecraft:time_since_rest":4907,"minecraft:interact_with_furnace":1,"minecraft:sprint_one_cm":20101,"minecraft:damage_taken":555,"minecraft:walk_one_cm":39099,"minecraft:mob_kills":7,"tombstone:eaten_lollipop":1,"minecraft:damage_dealt":792,"minecraft:talked_to_villager":15,"minecraft:interact_with_crafting_table":2,"minecraft:fly_one_cm":34093,"minecraft:open_chest":5,"minecraft:crouch_one_cm":45,"minecraft:play_time":10082,"tombstone:undead_killed":3,"minecraft:deaths":1,"minecraft:sneak_time":22,"minecraft:jump":197,"minecraft:time_since_death":5189,"minecraft:climb_one_cm":74,"minecraft:total_world_time":10082,"minecraft:fall_one_cm":4360},"minecraft:killed":{"luminousworld:savannah_skeleton":1,"luminousworld:savannah_zombie":1,"born_in_chaos_v1:maggot":3,"enemyexpansion:slugger":1}},"DataVersion":3465}