{"stats":{"minecraft:crafted":{"minecraft:acacia_planks":8},"minecraft:used":{"minecraft:cartography_table":1},"minecraft:mined":{"minecraft:acacia_log":2,"luminousworld:groundpebbles_2":2,"minecraft:cartography_table":1,"minecraft:player_head":1},"minecraft:picked_up":{"luminousworld:groundpebbles_1":3,"minecraft:tropical_fish":1,"minecraft:cartography_table":1,"minecraft:acacia_log":2,"minecraft:player_head":1},"minecraft:custom":{"minecraft:time_since_rest":4171,"minecraft:play_time":4171,"minecraft:sprint_one_cm":20415,"minecraft:damage_taken":100,"minecraft:walk_one_cm":15744,"minecraft:jump":146,"minecraft:eat_cake_slice":1,"minecraft:damage_dealt":18,"minecraft:time_since_death":4171,"minecraft:total_world_time":4171,"minecraft:fall_one_cm":3578,"minecraft:interact_with_cartography_table":1,"minecraft:tune_noteblock":2,"minecraft:fly_one_cm":42402}},"DataVersion":3465}