{"stats":{"minecraft:mined":{"minecraft:piston_head":2,"minecraft:birch_log":8,"minecraft:cobblestone_stairs":1,"minecraft:crafting_table":1,"minecraft:grass":2,"minecraft:grass_block":3,"minecraft:oak_log":10,"minecraft:dirt":3,"luminousworld:grassvariant_2":1,"minecraft:red_mushroom_block":1,"minecraft:cracked_stone_bricks":1,"ecologics:coconut_log":3,"luminousworld:groundpebbles_2":1,"minecraft:stone":25,"minecraft:stone_bricks":4,"minecraft:netherrack":1,"minecraft:mossy_stone_bricks":1,"minecraft:oak_leaves":2},"minecraft:killed_by":{"iceandfire:gorgon":1},"minecraft:dropped":{"minecraft:birch_sapling":1},"minecraft:picked_up":{"minecraft:birch_log":8,"luminousworld:groundpebbles_1":1,"minecraft:stick":3,"ecologics:coconut_slice":10,"minecraft:oak_log":10,"minecraft:dirt":6,"minecraft:sticky_piston":2,"minecraft:apple":1,"minecraft:stone_bricks":4,"minecraft:cracked_stone_bricks":1,"ecologics:coconut_log":1,"minecraft:mossy_stone_bricks":1,"minecraft:netherrack":1,"minecraft:birch_sapling":1,"minecraft:cobblestone":21},"minecraft:custom":{"minecraft:time_since_rest":5916,"minecraft:sprint_one_cm":57492,"minecraft:damage_taken":2147483647,"minecraft:walk_one_cm":44512,"minecraft:drop":1,"minecraft:damage_dealt":166,"minecraft:interact_with_crafting_table":8,"minecraft:fly_one_cm":64223,"minecraft:crouch_one_cm":235,"minecraft:play_time":13908,"minecraft:deaths":2,"minecraft:sneak_time":88,"minecraft:walk_under_water_one_cm":2612,"minecraft:jump":307,"minecraft:time_since_death":6322,"minecraft:walk_on_water_one_cm":4385,"minecraft:total_world_time":13908,"minecraft:fall_one_cm":7514},"minecraft:used":{"minecraft:sticky_piston":2,"minecraft:wooden_axe":15,"minecraft:apple":1,"minecraft:stone_pickaxe":31,"minecraft:wooden_pickaxe":11,"tombstone:grave_key":2,"ecologics:coconut_slice":2,"minecraft:crafting_table":1,"ecologics:coconut_log":1,"tombstone:gift":2},"minecraft:crafted":{"minecraft:crafting_table":1,"minecraft:stick":12,"minecraft:wooden_pickaxe":1,"minecraft:stone_pickaxe":1,"minecraft:wooden_axe":1,"minecraft:birch_planks":20}},"DataVersion":3465}