{"stats":{"minecraft:custom":{"minecraft:interact_with_furnace":16,"minecraft:mob_kills":14,"minecraft:interact_with_crafting_table":20,"minecraft:interact_with_cartography_table":1,"minecraft:tune_noteblock":2,"minecraft:open_barrel":2,"minecraft:interact_with_loom":2,"minecraft:damage_dealt_resisted":49,"minecraft:eat_cake_slice":7,"minecraft:leave_game":2,"minecraft:time_since_death":28268,"minecraft:sleep_in_bed":4,"minecraft:damage_resisted":58,"minecraft:time_since_rest":27670,"minecraft:sprint_one_cm":217050,"minecraft:damage_taken":2521,"minecraft:walk_one_cm":280313,"minecraft:drop":17,"tombstone:eaten_lollipop":1,"minecraft:damage_dealt":2487,"minecraft:swim_one_cm":1974,"minecraft:fly_one_cm":357888,"minecraft:talked_to_villager":2,"minecraft:open_chest":26,"minecraft:play_time":108805,"minecraft:crouch_one_cm":6010,"tombstone:undead_killed":7,"minecraft:deaths":3,"minecraft:sneak_time":1732,"minecraft:walk_under_water_one_cm":1381,"minecraft:jump":1723,"minecraft:total_world_time":108805,"minecraft:walk_on_water_one_cm":1280,"minecraft:interact_with_smoker":3,"minecraft:fall_one_cm":42495},"minecraft:broken":{"minecraft:stone_pickaxe":2},"minecraft:used":{"minecraft:beetroot":10,"minecraft:stone_sword":50,"iceandfire:podium_acacia":1,"minecraft:stone_pickaxe":348,"minecraft:cartography_table":1,"minecraft:wooden_pickaxe":38,"tombstone:lollipop":1,"luminousworld:bao_bob_log":1,"minecraft:oak_door":2,"minecraft:torch":21,"minecraft:mushroom_stew":1,"minecraft:crafting_table":7,"quark:acacia_chest":1,"minecraft:black_bed":1,"minecraft:cake":1,"tombstone:bag_of_seeds":2,"minecraft:apple":4,"minecraft:bread":17,"minecraft:iron_pickaxe":77,"tombstone:grave_key":1,"minecraft:gravel":1,"minecraft:stone_axe":52,"minecraft:cobblestone":186,"minecraft:potion":1,"minecraft:furnace":2,"minecraft:cooked_porkchop":4,"tombstone:gift":2,"minecraft:yellow_bed":1},"minecraft:dropped":{"minecraft:wheat_seeds":11,"minecraft:glass_bottle":1,"minecraft:bowl":1,"luminousworld:white_petunias":6,"minecraft:cobblestone":40,"minecraft:torchflower_seeds":2,"minecraft:dirt":1,"iceandfire:bestiary":1,"born_in_chaos_v1:marigolds":1,"minecraft:tripwire_hook":2},"minecraft:killed":{"minecraft:pig":3,"born_in_chaos_v1:decrepit_skeleton":1,"born_in_chaos_v1:maggot":1,"minecraft:zombie":2,"born_in_chaos_v1:dread_hound":1,"alexsmobs:gazelle":1,"undead_revamp2:sucker":2,"luminousworld:savannah_zombie":2},"minecraft:mined":{"luminousworld:white_petunias":4,"luminousworld:savannah_soil":1,"born_in_chaos_v1:marigolds":1,"minecraft:mossy_cobblestone":5,"iceandfire:podium_acacia":1,"minecraft:torch":1,"minecraft:crafting_table":4,"minecraft:acacia_log":5,"luminousworld:bao_bob_wood":1,"minecraft:grass_block":5,"luminousworld:grassvariant_2":11,"minecraft:stone_slab":1,"luminousworld:grassflowers":1,"minecraft:copper_ore":8,"minecraft:tall_grass":6,"minecraft:cobblestone":10,"minecraft:oak_planks":4,"minecraft:cartography_table":1,"minecraft:wall_torch":3,"luminousworld:savanna_grass_2":3,"luminousworld:whiteoaklog":11,"minecraft:furnace":1,"minecraft:iron_ore":6,"luminousworld:bao_bob_log":8,"minecraft:yellow_bed":1,"minecraft:grass":37,"minecraft:coal_ore":30,"minecraft:oak_log":10,"minecraft:gravel":2,"minecraft:dirt":21,"luminousworld:grassvariant_3":9,"minecraft:cobweb":1,"minecraft:tripwire_hook":2,"luminousworld:groundpebbles_2":2,"minecraft:stone":350,"luminousworld:elephant_grass":1,"luminousworld:savannah_grass_4":2,"minecraft:player_head":1,"minecraft:oak_leaves":1},"minecraft:killed_by":{"minecraft:skeleton":1,"minecraft:zombie":1},"minecraft:crafted":{"minecraft:oak_door":3,"minecraft:oak_planks":20,"minecraft:cooked_porkchop":4,"minecraft:crafting_table":5,"minecraft:wooden_pickaxe":1,"minecraft:furnace":2,"minecraft:stone_axe":1,"minecraft:bread":3,"minecraft:air":0,"luminousworld:white_oak_slab":3,"quark:acacia_chest":1,"minecraft:shield":1,"luminousworld:white_oak_plank":37,"minecraft:stick":28,"minecraft:iron_ingot":6,"minecraft:stone_pickaxe":3,"minecraft:iron_pickaxe":1,"minecraft:stone_sword":1,"minecraft:black_bed":1,"minecraft:acacia_planks":24,"minecraft:torch":48,"luminousworld:baobab_plank":28},"minecraft:picked_up":{"luminousworld:groundpebbles_1":3,"minecraft:crafting_table":3,"minecraft:wheat":9,"born_in_chaos_v1:monster_flesh":1,"minecraft:tripwire_hook":2,"minecraft:oak_log":5,"minecraft:yellow_bed":1,"minecraft:dirt":12,"minecraft:string":2,"minecraft:paper":2,"born_in_chaos_v1:marigolds":1,"born_in_chaos_v1:monster_skin":1,"minecraft:bone":3,"minecraft:acacia_planks":1,"iceandfire:bestiary":1,"minecraft:wheat_seeds":13,"minecraft:cartography_table":1,"minecraft:player_head":2,"tombstone:bag_of_seeds":1,"minecraft:oak_planks":4,"luminousworld:white_petunias":7,"iceandfire:podium_acacia":1,"minecraft:furnace":1,"minecraft:stick":3,"minecraft:raw_iron":6,"minecraft:torch":2,"minecraft:acacia_log":6,"minecraft:gravel":2,"luminousworld:savannah_soil":1,"minecraft:porkchop":4,"tombstone:grave_dust":1,"minecraft:mossy_cobblestone":5,"luminousworld:whiteoaklog":9,"tombstone:lollipop":1,"twilightforest:magic_beans":1,"minecraft:stone_sword":1,"minecraft:rotten_flesh":6,"minecraft:tropical_fish":1,"minecraft:stone_axe":1,"minecraft:gold_ingot":1,"luminousworld:bao_bob_log":8,"minecraft:mutton":2,"minecraft:coal":28,"minecraft:cobblestone":355}},"DataVersion":3465}