{"stats":{"minecraft:crafted":{"minecraft:crafting_table":1,"minecraft:stick":8,"minecraft:wooden_pickaxe":1,"minecraft:stone_pickaxe":1,"minecraft:stone_sword":1,"minecraft:acacia_planks":20},"minecraft:killed_by":{"minecraft:skeleton":1},"minecraft:mined":{"luminousworld:savannah_soil":1,"iceandfire:podium_acacia":1,"minecraft:crafting_table":1,"minecraft:torch":1,"minecraft:acacia_log":5,"minecraft:stone_slab":1,"luminousworld:elephant_grass":1,"luminousworld:groundpebbles_2":2,"minecraft:tripwire_hook":2,"luminousworld:savannah_grass_4":2,"minecraft:stone":21,"minecraft:cartography_table":1,"minecraft:player_head":1,"luminousworld:savanna_grass_2":3},"minecraft:used":{"minecraft:beetroot":1,"minecraft:stone_sword":21,"minecraft:bread":3,"minecraft:stone_pickaxe":15,"minecraft:cartography_table":1,"minecraft:wooden_pickaxe":31,"minecraft:potion":1,"minecraft:crafting_table":2,"minecraft:mushroom_stew":1,"minecraft:cake":1},"minecraft:picked_up":{"luminousworld:groundpebbles_1":3,"minecraft:wheat":9,"minecraft:crafting_table":1,"born_in_chaos_v1:monster_flesh":1,"minecraft:tripwire_hook":2,"minecraft:acacia_log":6,"luminousworld:savannah_soil":1,"born_in_chaos_v1:monster_skin":1,"minecraft:bone":3,"minecraft:rotten_flesh":3,"minecraft:tropical_fish":1,"iceandfire:bestiary":1,"minecraft:wheat_seeds":9,"minecraft:cartography_table":1,"tombstone:bag_of_seeds":1,"minecraft:player_head":1,"iceandfire:podium_acacia":1,"minecraft:mutton":2,"minecraft:cobblestone":21},"minecraft:killed":{"born_in_chaos_v1:dread_hound":1,"alexsmobs:gazelle":1,"luminousworld:savannah_zombie":1,"born_in_chaos_v1:decrepit_skeleton":1},"minecraft:custom":{"minecraft:time_since_rest":16120,"minecraft:interact_with_furnace":3,"minecraft:sprint_one_cm":68518,"minecraft:damage_taken":665,"minecraft:walk_one_cm":83337,"minecraft:mob_kills":4,"minecraft:damage_dealt":1053,"minecraft:talked_to_villager":2,"minecraft:tune_noteblock":2,"minecraft:interact_with_cartography_table":1,"minecraft:swim_one_cm":1974,"minecraft:interact_with_crafting_table":3,"minecraft:fly_one_cm":130599,"minecraft:open_barrel":2,"minecraft:open_chest":9,"minecraft:crouch_one_cm":7,"minecraft:interact_with_loom":2,"minecraft:play_time":21901,"tombstone:undead_killed":2,"minecraft:deaths":1,"minecraft:sneak_time":13,"minecraft:walk_under_water_one_cm":1381,"minecraft:jump":500,"minecraft:eat_cake_slice":7,"minecraft:leave_game":1,"minecraft:time_since_death":17109,"minecraft:walk_on_water_one_cm":1280,"minecraft:total_world_time":21901,"minecraft:interact_with_smoker":2,"minecraft:fall_one_cm":12505}},"DataVersion":3465}