{"stats":{"minecraft:mined":{"minecraft:cave_vines_plant":2,"minecraft:acacia_log":8,"minecraft:grass_block":5,"minecraft:moss_block":5,"luminousworld:savanna_grass_2":1,"minecraft:spawner":4,"minecraft:redstone_ore":3,"minecraft:furnace":1,"undead_revamp2:bostroxore":5,"minecraft:iron_ore":81,"minecraft:moss_carpet":2,"minecraft:cave_vines":4,"minecraft:vine":1,"minecraft:stone":60,"luminousworld:savannah_soil":8,"minecraft:dandelion":1,"minecraft:powder_snow":4,"minecraft:crafting_table":2,"minecraft:clay":3,"iceandfire:dragon_ice_spikes":4,"minecraft:torch":1,"luminousworld:savannah_grass_1":1,"minecraft:rose_bush":1,"minecraft:sculk_sensor":1,"luminousworld:grassflowers":2,"minecraft:copper_ore":9,"minecraft:tall_grass":8,"minecraft:cobblestone":16,"minecraft:lapis_ore":8,"minecraft:iron_door":1,"minecraft:sculk":1,"minecraft:wall_torch":1,"supplementaries:urn":3,"minecraft:repeater":1,"luminousworld:clovers_1":1,"minecraft:grass":13,"minecraft:oak_log":9,"minecraft:coal_ore":290,"minecraft:dirt":3,"minecraft:cobweb":1,"minecraft:tripwire_hook":6,"luminousworld:savannah_grass_4":1,"luminousworld:elephant_grass":1,"minecraft:oak_leaves":5,"luminousworld:savannah_ground":4},"minecraft:killed_by":{"minecraft:husk":1,"born_in_chaos_v1:dark_vortex":3,"undead_revamp2:thehunter":1,"iceandfire:ice_dragon":1,"enemyexpansion:vampflyer":1},"minecraft:custom":{"minecraft:interact_with_anvil":1,"minecraft:mob_kills":47,"minecraft:interact_with_crafting_table":18,"minecraft:open_barrel":31,"minecraft:damage_dealt_resisted":104,"minecraft:leave_game":1,"minecraft:time_since_death":19716,"minecraft:climb_one_cm":18000,"minecraft:sprint_one_cm":322846,"minecraft:walk_one_cm":601592,"minecraft:damage_blocked_by_shield":203,"minecraft:drop":31,"tombstone:eaten_lollipop":1,"minecraft:play_time":92750,"minecraft:deaths":8,"minecraft:sneak_time":950,"minecraft:walk_under_water_one_cm":2836,"minecraft:jump":2554,"minecraft:interact_with_blast_furnace":9,"minecraft:walk_on_water_one_cm":2558,"minecraft:total_world_time":92750,"minecraft:interact_with_furnace":31,"minecraft:tune_noteblock":1,"minecraft:sleep_in_bed":2,"minecraft:time_since_rest":610,"minecraft:damage_taken":3776,"minecraft:damage_dealt":11951,"minecraft:swim_one_cm":5189,"minecraft:fly_one_cm":357494,"minecraft:open_chest":12,"minecraft:crouch_one_cm":3851,"tombstone:undead_killed":26,"minecraft:fall_one_cm":73991},"minecraft:broken":{"minecraft:iron_sword":1,"minecraft:iron_pickaxe":1},"minecraft:used":{"minecraft:stone_sword":22,"minecraft:ladder":2,"minecraft:shield":7,"minecraft:iron_sword":275,"tombstone:lollipop":1,"luminousworld:savannah_ground":4,"minecraft:torch":103,"minecraft:dirt":3,"iceandfire:pixie_dust":1,"minecraft:wooden_axe":19,"minecraft:iron_boots":4,"minecraft:furnace":2,"tombstone:gift":2,"minecraft:cooked_beef":8,"minecraft:dark_oak_sapling":2,"minecraft:stone_pickaxe":192,"minecraft:wooden_pickaxe":5,"minecraft:cookie":5,"fabledweaponry:scimitar_stone":12,"minecraft:glow_berries":2,"minecraft:crafting_table":4,"quark:acacia_chest":1,"minecraft:apple":2,"minecraft:bread":18,"minecraft:iron_pickaxe":318,"tombstone:grave_key":1,"minecraft:cobblestone":37,"minecraft:pumpkin_pie":5,"alexsmobs:animal_dictionary":2},"minecraft:dropped":{"minecraft:iron_ingot":7,"minecraft:bread":1,"minecraft:moss_block":1,"minecraft:glow_ink_sac":2,"minecraft:dark_oak_sapling":8,"minecraft:item_frame":1,"minecraft:stick":8,"quark:acacia_chest":1,"minecraft:torch":1,"minecraft:string":1,"minecraft:tripwire_hook":18,"minecraft:acacia_planks":20,"minecraft:name_tag":1,"luminousworld:savannah_soil":8,"supplementaries:ash":6,"luminousworld:grassflowers":2,"minecraft:gunpowder":2,"minecraft:acacia_sapling":4,"luminousworld:elephant_grass":2,"minecraft:wooden_pickaxe":1,"minecraft:stone_pickaxe":1},"minecraft:killed":{"minecraft:spider":1,"undead_revamp2:theswarmer":1,"born_in_chaos_v1:maggot":1,"minecraft:skeleton":3,"minecraft:bee":1,"undead_revamp2:sucker":2,"minecraft:husk":8,"minecraft:zombie_villager":1,"undead_revamp2:the_moonflower":2,"earthmobsmod:lobber_zombie":1,"undead_revamp2:theheavy":1,"enemyexpansion:sprinter":2,"minecraft:sheep":3,"undead_revamp2:thesomnolence":3,"minecraft:zombie":4,"born_in_chaos_v1:dark_vortex":1,"luminousworld:dark_oak_zombie":1,"minecraft:cow":8},"minecraft:crafted":{"minecraft:oak_planks":36,"minecraft:furnace":1,"quark:acacia_chest":1,"minecraft:iron_boots":1,"minecraft:stone_pickaxe":2,"minecraft:cooked_beef":8,"minecraft:crafting_table":2,"minecraft:wooden_pickaxe":1,"minecraft:iron_helmet":1,"minecraft:iron_sword":1,"minecraft:copper_ingot":0,"minecraft:bread":4,"minecraft:air":0,"minecraft:iron_chestplate":1,"minecraft:shield":1,"minecraft:stick":48,"minecraft:iron_ingot":40,"minecraft:iron_pickaxe":2,"minecraft:wooden_axe":1,"minecraft:stone_sword":1,"minecraft:iron_leggings":1,"minecraft:acacia_planks":28,"minecraft:torch":84},"minecraft:picked_up":{"minecraft:crafting_table":2,"minecraft:ladder":2,"minecraft:clay_ball":28,"fabledweaponry:scimitar_stone":1,"minecraft:string":2,"minecraft:moss_carpet":4,"minecraft:item_frame":1,"minecraft:tnt_minecart":1,"minecraft:beef":15,"minecraft:light_gray_wool":1,"minecraft:furnace":1,"minecraft:iron_boots":1,"minecraft:dark_oak_sapling":8,"iceandfire:pixie_dust":1,"minecraft:stick":6,"minecraft:acacia_log":7,"minecraft:torch":4,"luminousworld:savannah_soil":16,"minecraft:cookie":10,"tombstone:grave_dust":2,"tombstone:lollipop":1,"luminousworld:grassflowers":3,"minecraft:arrow":7,"minecraft:rotten_flesh":12,"quark:acacia_chest":1,"supplementaries:antique_ink":2,"supplementaries:ash":6,"minecraft:glow_berries":2,"minecraft:mutton":4,"minecraft:white_wool":2,"minecraft:cobblestone":72,"luminousworld:savannah_ground":4,"minecraft:iron_door":1,"minecraft:glow_ink_sac":2,"minecraft:tripwire_hook":18,"minecraft:leather":6,"minecraft:oak_log":9,"minecraft:gunpowder":2,"minecraft:dirt":6,"minecraft:bone":10,"minecraft:acacia_planks":20,"minecraft:apple":2,"luminousworld:elephant_grass":2,"minecraft:moss_block":2,"minecraft:acacia_sapling":4,"minecraft:iron_sword":1,"luminousworld:clovers_1":1,"born_in_chaos_v1:ethereal_spirit":1,"born_in_chaos_v1:dark_rod":1,"alexsmobs:animal_dictionary":1,"minecraft:dark_oak_log":4,"minecraft:bundle":1,"undead_revamp2:rawbostrox":3,"minecraft:bread":1,"minecraft:coal":62}},"DataVersion":3465}