{"stats":{"minecraft:killed_by":{"minecraft:husk":1,"minecraft:player":1,"enemyexpansion:slugger":1},"minecraft:mined":{"minecraft:tuff":2,"minecraft:acacia_leaves":4,"iceandfire:silver_ore":8,"minecraft:granite":2,"iceandfire:podium_acacia":1,"minecraft:crafting_table":3,"minecraft:acacia_log":2,"luminousworld:bao_bob_wood":3,"minecraft:grass_block":4,"minecraft:melon":1,"minecraft:jungle_planks":1,"minecraft:jungle_log":8,"minecraft:copper_ore":13,"minecraft:cobblestone":4,"placeablesmod:bread_full_block":1,"minecraft:diorite":4,"luminousworld:savanna_grass_2":2,"supplementaries:urn":3,"luminousworld:whiteoaklog":13,"minecraft:furnace":1,"minecraft:iron_ore":61,"minecraft:wheat":28,"minecraft:andesite":2,"luminousworld:bao_bob_log":1,"minecraft:grass":12,"luminousworld:ishstone":2,"minecraft:coal_ore":202,"minecraft:deepslate_iron_ore":14,"minecraft:acacia_planks":1,"minecraft:stone":81,"minecraft:deepslate":16,"minecraft:oak_leaves":2,"minecraft:fern":6},"minecraft:dropped":{"minecraft:wheat_seeds":6,"minecraft:stone_sword":3,"minecraft:feather":1,"minecraft:dirt":2,"minecraft:shield":1,"minecraft:gunpowder":1,"minecraft:wooden_axe":1,"minecraft:andesite":2,"born_in_chaos_v1:corpse_maggot":2,"tombstone:grave_dust":1,"minecraft:stone_pickaxe":2},"minecraft:custom":{"minecraft:interact_with_furnace":34,"minecraft:mob_kills":27,"minecraft:animals_bred":1,"minecraft:interact_with_crafting_table":22,"minecraft:open_barrel":7,"minecraft:damage_dealt_resisted":10,"minecraft:leave_game":1,"minecraft:time_since_death":36657,"minecraft:sleep_in_bed":1,"minecraft:climb_one_cm":5156,"minecraft:time_since_rest":36404,"minecraft:sprint_one_cm":126359,"minecraft:damage_taken":1834,"minecraft:walk_one_cm":342058,"minecraft:drop":19,"tombstone:eaten_lollipop":3,"minecraft:damage_dealt":4311,"minecraft:open_chest":30,"minecraft:talked_to_villager":19,"minecraft:fly_one_cm":179134,"minecraft:crouch_one_cm":2701,"minecraft:play_time":62806,"tombstone:undead_killed":14,"minecraft:deaths":3,"minecraft:sneak_time":910,"minecraft:walk_under_water_one_cm":1093,"minecraft:jump":1494,"minecraft:walk_on_water_one_cm":3438,"minecraft:total_world_time":62806,"minecraft:fall_one_cm":33293},"minecraft:killed":{"minecraft:husk":4,"born_in_chaos_v1:zombie_clown_not_despawn":1,"enemyexpansion:direwolf":1,"minecraft:zombie_horse":1,"born_in_chaos_v1:decrepit_skeleton":1,"born_in_chaos_v1:maggot":5,"minecraft:skeleton":2,"luminousworld:savannah_skeleton":1,"born_in_chaos_v1:dread_hound":1,"minecraft:chicken":3,"undead_revamp2:thebidy":1,"luminousworld:savannah_zombie":2,"enemyexpansion:slugger":1},"minecraft:picked_up":{"minecraft:wooden_axe":2,"born_in_chaos_v1:corpse_maggot":2,"minecraft:crafting_table":2,"minecraft:wheat":26,"minecraft:feather":2,"minecraft:chicken":6,"minecraft:salmon":1,"minecraft:andesite":2,"minecraft:jungle_log":12,"luminousworld:ishstone":1,"luminousworld:bao_bob_wood":3,"minecraft:tuff":2,"minecraft:shield":1,"minecraft:gunpowder":1,"minecraft:raw_copper":15,"iceandfire:manuscript":1,"minecraft:dirt":2,"minecraft:paper":6,"tombstone:gift":3,"born_in_chaos_v1:bottle_of_magical_energy":1,"born_in_chaos_v1:intoxicating_decoction":3,"minecraft:iron_leggings":4,"minecraft:bone":7,"iceandfire:bestiary":2,"minecraft:wheat_seeds":66,"minecraft:cobbled_deepslate":13,"minecraft:stone_pickaxe":2,"minecraft:cobweb":1,"born_in_chaos_v1:gnawed_bones":1,"minecraft:iron_nugget":20,"minecraft:rabbit":1,"minecraft:melon_slice":4,"iceandfire:podium_acacia":2,"luminousworld:white_oak_plank":28,"minecraft:furnace":1,"minecraft:book":1,"iceandfire:pixie_dust":1,"minecraft:raw_iron":7,"iceandfire:dragonbone":4,"minecraft:torch":1,"minecraft:acacia_log":1,"minecraft:poisonous_potato":2,"iceandfire:shiny_scales":1,"minecraft:diorite":3,"tombstone:grave_dust":4,"luminousworld:whiteoaklog":7,"alexsmobs:animal_dictionary":1,"tombstone:lollipop":3,"minecraft:bundle":2,"minecraft:stone_sword":3,"minecraft:rotten_flesh":10,"minecraft:emerald":12,"minecraft:bread":2,"supplementaries:ash":6,"luminousworld:bao_bob_log":1,"minecraft:coal":87,"iceandfire:raw_silver":4,"minecraft:cobblestone":86},"minecraft:used":{"minecraft:diorite":2,"minecraft:stone_sword":154,"iceandfire:podium_acacia":1,"minecraft:stone_pickaxe":352,"minecraft:wooden_pickaxe":66,"luminousworld:ishstone":1,"tombstone:lollipop":3,"minecraft:cooked_chicken":3,"minecraft:torch":58,"minecraft:wheat":1,"minecraft:crafting_table":4,"minecraft:jungle_planks":13,"minecraft:wooden_axe":68,"minecraft:melon_slice":4,"minecraft:bread":14,"tombstone:grave_key":2,"minecraft:cobblestone":22,"minecraft:furnace":2,"minecraft:cooked_rabbit":1,"tombstone:gift":4},"minecraft:crafted":{"minecraft:crafting_table":2,"minecraft:wooden_pickaxe":2,"minecraft:cooked_chicken":3,"minecraft:furnace":1,"minecraft:cooked_salmon":5,"minecraft:copper_ingot":18,"minecraft:bread":7,"minecraft:air":0,"minecraft:jungle_planks":48,"minecraft:shield":1,"luminousworld:white_oak_plank":28,"minecraft:stick":40,"minecraft:iron_pickaxe":1,"minecraft:iron_ingot":43,"minecraft:stone_pickaxe":4,"minecraft:wooden_axe":1,"minecraft:stone_sword":2,"minecraft:acacia_planks":4,"minecraft:torch":64,"luminousworld:baobab_plank":12,"minecraft:cooked_rabbit":1},"minecraft:broken":{"minecraft:stone_pickaxe":1,"minecraft:wooden_pickaxe":1}},"DataVersion":3465}