{"stats":{"minecraft:mined":{"luminousworld:white_petunias":1,"luminousworld:savannah_soil":1,"minecraft:mossy_cobblestone":5,"minecraft:crafting_table":2,"iceandfire:podium_acacia":1,"minecraft:torch":1,"minecraft:acacia_log":5,"luminousworld:bao_bob_wood":1,"minecraft:grass_block":2,"luminousworld:grassvariant_2":1,"minecraft:stone_slab":1,"minecraft:tall_grass":1,"minecraft:cartography_table":1,"luminousworld:savanna_grass_2":3,"luminousworld:bao_bob_log":8,"minecraft:yellow_bed":1,"minecraft:grass":1,"minecraft:coal_ore":11,"minecraft:oak_log":5,"minecraft:dirt":4,"luminousworld:grassvariant_3":1,"luminousworld:groundpebbles_2":2,"minecraft:tripwire_hook":2,"minecraft:stone":178,"luminousworld:savannah_grass_4":2,"luminousworld:elephant_grass":1,"minecraft:player_head":1,"minecraft:oak_leaves":1},"minecraft:custom":{"minecraft:interact_with_furnace":7,"minecraft:mob_kills":9,"minecraft:interact_with_cartography_table":1,"minecraft:interact_with_crafting_table":5,"minecraft:tune_noteblock":2,"minecraft:open_barrel":2,"minecraft:interact_with_loom":2,"minecraft:eat_cake_slice":7,"minecraft:leave_game":1,"minecraft:time_since_death":14810,"minecraft:sleep_in_bed":4,"minecraft:damage_resisted":58,"minecraft:time_since_rest":12450,"minecraft:sprint_one_cm":152081,"minecraft:damage_taken":1301,"minecraft:walk_one_cm":162605,"minecraft:drop":9,"tombstone:eaten_lollipop":1,"minecraft:damage_dealt":1688,"minecraft:talked_to_villager":2,"minecraft:swim_one_cm":1974,"minecraft:fly_one_cm":275433,"minecraft:open_chest":14,"minecraft:crouch_one_cm":173,"minecraft:play_time":60430,"tombstone:undead_killed":3,"minecraft:deaths":2,"minecraft:sneak_time":81,"minecraft:walk_under_water_one_cm":1381,"minecraft:jump":1152,"minecraft:walk_on_water_one_cm":1280,"minecraft:interact_with_smoker":3,"minecraft:total_world_time":60430,"minecraft:fall_one_cm":28305},"minecraft:crafted":{"minecraft:crafting_table":3,"minecraft:wooden_pickaxe":1,"minecraft:stone_axe":1,"minecraft:stick":8,"minecraft:stone_pickaxe":2,"minecraft:stone_sword":1,"minecraft:acacia_planks":24,"luminousworld:baobab_plank":28},"minecraft:dropped":{"minecraft:wheat_seeds":11,"minecraft:glass_bottle":1,"minecraft:bowl":1,"luminousworld:white_petunias":1,"minecraft:cobblestone":8,"minecraft:torchflower_seeds":2,"minecraft:dirt":1,"minecraft:tripwire_hook":2},"minecraft:used":{"minecraft:beetroot":1,"minecraft:stone_sword":31,"minecraft:stone_pickaxe":190,"minecraft:cartography_table":1,"minecraft:wooden_pickaxe":35,"luminousworld:bao_bob_log":1,"tombstone:lollipop":1,"minecraft:crafting_table":4,"minecraft:mushroom_stew":1,"minecraft:cake":1,"tombstone:bag_of_seeds":2,"minecraft:bread":10,"tombstone:grave_key":1,"minecraft:stone_axe":22,"minecraft:cobblestone":1,"minecraft:potion":1,"tombstone:gift":2,"minecraft:yellow_bed":1},"minecraft:killed_by":{"minecraft:skeleton":1,"minecraft:zombie":1},"minecraft:picked_up":{"luminousworld:groundpebbles_1":3,"minecraft:crafting_table":1,"minecraft:wheat":9,"born_in_chaos_v1:monster_flesh":1,"minecraft:tripwire_hook":2,"minecraft:yellow_bed":1,"minecraft:paper":2,"minecraft:dirt":1,"born_in_chaos_v1:monster_skin":1,"minecraft:bone":3,"iceandfire:bestiary":1,"minecraft:wheat_seeds":9,"minecraft:cartography_table":1,"minecraft:player_head":2,"tombstone:bag_of_seeds":1,"luminousworld:white_petunias":1,"iceandfire:podium_acacia":1,"minecraft:stick":3,"minecraft:acacia_log":6,"luminousworld:savannah_soil":1,"minecraft:porkchop":4,"minecraft:mossy_cobblestone":5,"tombstone:lollipop":1,"twilightforest:magic_beans":1,"minecraft:stone_sword":1,"minecraft:rotten_flesh":3,"minecraft:tropical_fish":1,"minecraft:stone_axe":1,"minecraft:gold_ingot":1,"luminousworld:bao_bob_log":8,"minecraft:mutton":2,"minecraft:coal":11,"minecraft:cobblestone":150},"minecraft:broken":{"minecraft:stone_pickaxe":1},"minecraft:killed":{"minecraft:pig":3,"born_in_chaos_v1:decrepit_skeleton":1,"born_in_chaos_v1:maggot":1,"born_in_chaos_v1:dread_hound":1,"alexsmobs:gazelle":1,"luminousworld:savannah_zombie":2}},"DataVersion":3465}