{"stats":{"minecraft:mined":{"minecraft:dark_oak_planks":2,"minecraft:spruce_planks":1,"minecraft:cave_vines_plant":2,"minecraft:acacia_log":8,"minecraft:grass_block":6,"minecraft:coal_block":2,"luminousworld:savanna_grass_2":1,"minecraft:spawner":9,"undead_revamp2:bostroxore":5,"minecraft:iron_ore":83,"minecraft:fire":22,"minecraft:moss_carpet":2,"minecraft:enchanting_table":1,"minecraft:cave_vines":4,"minecraft:oak_stairs":3,"minecraft:blue_orchid":1,"minecraft:iron_block":1,"supplementaries:book_pile":1,"minecraft:powder_snow":4,"minecraft:clay":3,"iceandfire:dragon_ice_spikes":4,"minecraft:torch":2,"iceandfire:ghost_chest":1,"minecraft:cobblestone":16,"minecraft:oak_planks":2,"minecraft:iron_door":1,"minecraft:wall_torch":1,"minecraft:repeater":1,"luminousworld:clovers_1":1,"minecraft:tnt":1,"minecraft:grass":25,"minecraft:oak_log":9,"minecraft:dirt":3,"minecraft:tripwire_hook":6,"luminousworld:savannah_grass_4":1,"minecraft:oak_leaves":7,"luminousworld:savannah_ground":4,"minecraft:spruce_fence":1,"minecraft:redstone_wire":2,"luminousworld:grassvariant_2":2,"minecraft:moss_block":5,"minecraft:hay_block":5,"minecraft:redstone_ore":3,"minecraft:furnace":1,"minecraft:vine":2,"minecraft:stone":60,"sophisticatedbackpacks:backpack":1,"luminousworld:savannah_soil":8,"uniquedungeons:climbing_hook":2,"minecraft:dandelion":1,"minecraft:crafting_table":2,"luminousworld:savannah_grass_1":1,"minecraft:rose_bush":4,"minecraft:sculk_sensor":1,"minecraft:stone_slab":3,"luminousworld:grassflowers":3,"minecraft:copper_ore":9,"minecraft:tall_grass":14,"minecraft:lapis_ore":8,"minecraft:sculk":1,"supplementaries:urn":3,"minecraft:coal_ore":290,"minecraft:sunflower":2,"minecraft:cyan_carpet":3,"minecraft:cobweb":91,"luminousworld:elephant_grass":1,"minecraft:chipped_anvil":1},"minecraft:crafted":{"minecraft:oak_planks":52,"quark:birch_chest":2,"minecraft:cooked_mutton":4,"minecraft:iron_boots":1,"minecraft:cooked_porkchop":1,"minecraft:crafting_table":3,"minecraft:wooden_pickaxe":1,"minecraft:iron_helmet":2,"minecraft:copper_ingot":0,"minecraft:birch_planks":44,"minecraft:iron_chestplate":1,"minecraft:paper":6,"minecraft:shield":1,"minecraft:stick":56,"quark:oak_chest":2,"minecraft:iron_ingot":55,"minecraft:iron_pickaxe":2,"minecraft:stone_sword":2,"minecraft:furnace":2,"quark:dark_oak_chest":1,"quark:acacia_chest":1,"minecraft:stone_pickaxe":2,"minecraft:wheat":45,"minecraft:cooked_beef":8,"minecraft:iron_sword":2,"minecraft:bread":19,"minecraft:air":0,"minecraft:wooden_axe":1,"minecraft:iron_leggings":1,"minecraft:acacia_planks":28,"minecraft:torch":84},"minecraft:used":{"quark:ancient_tome":1,"minecraft:ladder":2,"minecraft:shield":62,"minecraft:iron_sword":561,"tombstone:lollipop":5,"luminousworld:savannah_ground":4,"minecraft:acacia_sapling":1,"supplementaries:bomb_blue":1,"minecraft:bow":32,"minecraft:furnace":3,"minecraft:dark_oak_sapling":2,"minecraft:stone_pickaxe":192,"minecraft:oak_planks":19,"minecraft:wooden_pickaxe":5,"minecraft:cookie":11,"minecraft:golden_apple":1,"minecraft:glow_berries":2,"sophisticatedbackpacks:backpack":1,"minecraft:bread":66,"minecraft:cyan_carpet":2,"tombstone:grave_key":12,"minecraft:diamond_sword":497,"minecraft:experience_bottle":2,"quark:birch_chest":2,"minecraft:stone_sword":86,"minecraft:redstone":2,"minecraft:torch":160,"minecraft:dirt":4,"iceandfire:pixie_dust":1,"minecraft:wooden_axe":19,"minecraft:chipped_anvil":1,"minecraft:oak_stairs":3,"minecraft:iron_boots":4,"minecraft:golden_carrot":15,"tombstone:gift":2,"minecraft:cooked_beef":8,"minecraft:cooked_mutton":4,"minecraft:water_bucket":1,"fabledweaponry:scimitar_stone":35,"minecraft:crafting_table":5,"quark:acacia_chest":1,"tombstone:bag_of_seeds":2,"minecraft:apple":4,"minecraft:iron_pickaxe":346,"tombstone:magic_scroll":1,"quark:dark_oak_chest":3,"minecraft:cobblestone":46,"minecraft:cooked_porkchop":1,"minecraft:bucket":1,"minecraft:pumpkin_pie":5,"quark:oak_chest":1,"alexsmobs:animal_dictionary":2},"minecraft:picked_up":{"minecraft:stone_slab":2,"minecraft:diamond_sword":7,"minecraft:oak_stairs":3,"fabledweaponry:scimitar_stone":1,"minecraft:enchanted_book":1,"minecraft:string":147,"minecraft:experience_bottle":2,"minecraft:tnt_minecart":1,"minecraft:gold_nugget":2,"minecraft:rose_bush":4,"minecraft:iron_pickaxe":1,"minecraft:coal_block":2,"minecraft:iron_boots":6,"minecraft:furnace":1,"iceandfire:pixie_dust":1,"minecraft:stick":6,"iceandfire:ghost_chest":2,"born_in_chaos_v1:shattered_skull":1,"minecraft:torch":70,"minecraft:acacia_log":7,"luminousworld:savannah_soil":16,"minecraft:porkchop":1,"tombstone:grave_dust":38,"tombstone:lollipop":5,"quark:ancient_tome":1,"luminousworld:grassflowers":5,"minecraft:rotten_flesh":26,"supplementaries:antique_ink":2,"minecraft:iron_block":1,"supplementaries:ash":6,"minecraft:cobblestone":72,"minecraft:enchanting_table":1,"luminousworld:savannah_ground":4,"minecraft:iron_door":1,"uniquedungeons:climbing_hook_item":5,"undead_revamp2:huntereye":1,"minecraft:dirt":10,"tombstone:familiar_receptacle":1,"minecraft:chipped_anvil":1,"minecraft:bone":106,"minecraft:acacia_planks":20,"minecraft:bow":5,"minecraft:wheat_seeds":1,"luminousworld:elephant_grass":2,"minecraft:moss_block":2,"minecraft:oak_planks":27,"minecraft:dark_oak_log":4,"alexsmobs:animal_dictionary":1,"minecraft:bundle":5,"minecraft:diamond":3,"minecraft:bread":1,"minecraft:emerald":2,"minecraft:chainmail_helmet":1,"born_in_chaos_v1:rotten_fish":2,"minecraft:cocoa_beans":15,"minecraft:crafting_table":2,"iceandfire:witherbone":23,"minecraft:ladder":2,"minecraft:clay_ball":28,"born_in_chaos_v1:seedof_chaos":1,"minecraft:stone_brick_wall":3,"minecraft:moss_carpet":4,"minecraft:item_frame":9,"born_in_chaos_v1:intoxicating_decoction":2,"minecraft:cyan_carpet":17,"iceandfire:graveyard_soil":4,"minecraft:beef":25,"minecraft:light_gray_wool":1,"minecraft:dark_oak_sapling":8,"sophisticatedbackpacks:backpack":1,"minecraft:spruce_fence":2,"minecraft:stone_button":9,"minecraft:cookie":20,"minecraft:redstone":2,"minecraft:dark_oak_planks":16,"minecraft:tnt":1,"minecraft:arrow":39,"quark:acacia_chest":1,"minecraft:hay_block":5,"minecraft:gold_ingot":4,"tombstone:essence_of_undeath":3,"minecraft:glow_berries":2,"minecraft:mutton":4,"minecraft:skeleton_skull":2,"minecraft:white_wool":5,"born_in_chaos_v1:fused_bone":2,"born_in_chaos_v1:corpse_maggot":3,"minecraft:tripwire_hook":18,"minecraft:glow_ink_sac":2,"minecraft:leather":14,"minecraft:oak_log":13,"minecraft:chainmail_chestplate":1,"iceandfire:ectoplasm":3,"minecraft:gunpowder":4,"minecraft:apple":2,"minecraft:stone_bricks":4,"minecraft:iron_ingot":9,"minecraft:cobweb":5,"tombstone:bag_of_seeds":1,"minecraft:iron_sword":3,"minecraft:acacia_sapling":5,"minecraft:oak_slab":1,"luminousworld:clovers_1":1,"iceandfire:ash":4,"born_in_chaos_v1:ethereal_spirit":1,"minecraft:torchflower_seeds":2,"born_in_chaos_v1:dark_rod":1,"minecraft:spider_eye":5,"undead_revamp2:rawbostrox":3,"tombstone:magic_scroll":2,"minecraft:melon_seeds":6,"minecraft:coal":78},"minecraft:dropped":{"minecraft:iron_sword":1,"minecraft:moss_block":1,"minecraft:glow_ink_sac":2,"minecraft:dark_oak_sapling":8,"iceandfire:ectoplasm":2,"minecraft:item_frame":1,"minecraft:dirt":3,"quark:acacia_chest":1,"minecraft:stone_button":10,"minecraft:gold_nugget":21,"iceandfire:ash":4,"minecraft:dark_oak_planks":14,"minecraft:white_wool":2,"tombstone:familiar_receptacle":1,"minecraft:cyan_carpet":6,"undead_revamp2:huntereye":1,"bountiful:bounty":1,"minecraft:lever":1,"minecraft:rotten_flesh":2,"minecraft:oak_planks":15,"luminousworld:savannah_soil":8,"supplementaries:ash":6,"luminousworld:grassflowers":4,"iceandfire:ghost_chest":1,"minecraft:gunpowder":2,"minecraft:melon_seeds":4,"born_in_chaos_v1:corpse_maggot":3,"minecraft:stone_brick_wall":5,"minecraft:acacia_sapling":5,"uniquedungeons:climbing_hook_item":2,"minecraft:iron_ingot":7,"minecraft:bread":42,"minecraft:oak_slab":1,"minecraft:apple":17,"minecraft:coal":10,"minecraft:stick":8,"minecraft:torch":2,"minecraft:rose_bush":4,"tombstone:grave_dust":6,"minecraft:chainmail_leggings":1,"minecraft:string":9,"minecraft:tripwire_hook":18,"minecraft:acacia_planks":20,"minecraft:cocoa_beans":10,"minecraft:light_gray_wool":1,"minecraft:iron_boots":1,"minecraft:name_tag":1,"minecraft:torchflower_seeds":1,"minecraft:bundle":1,"minecraft:stone_bricks":5,"tombstone:essence_of_undeath":1,"luminousworld:elephant_grass":2,"minecraft:bow":2,"minecraft:stone_pickaxe":1,"minecraft:wooden_pickaxe":1},"minecraft:killed_by":{"minecraft:wither_skeleton":3,"minecraft:cave_spider":2,"iceandfire:ice_dragon":1,"enemyexpansion:vampflyer":1,"iceandfire:fire_dragon":3,"minecraft:husk":1,"born_in_chaos_v1:dark_vortex":3,"undead_revamp2:thehunter":1,"iceandfire:ghost":2},"minecraft:custom":{"minecraft:interact_with_crafting_table":42,"minecraft:open_barrel":31,"minecraft:eat_cake_slice":2,"minecraft:leave_game":1,"minecraft:time_since_death":8744,"minecraft:sprint_one_cm":635539,"minecraft:damage_blocked_by_shield":1334,"minecraft:drop":113,"tombstone:eaten_lollipop":5,"minecraft:talked_to_villager":18,"minecraft:play_time":206336,"minecraft:deaths":20,"minecraft:jump":4504,"minecraft:walk_on_water_one_cm":16728,"minecraft:interact_with_furnace":55,"minecraft:interact_with_cartography_table":6,"minecraft:sleep_in_bed":5,"minecraft:damage_dealt":51111,"minecraft:player_kills":2,"minecraft:crouch_one_cm":5045,"tombstone:undead_killed":118,"minecraft:interact_with_smithing_table":4,"minecraft:interact_with_anvil":14,"minecraft:mob_kills":207,"minecraft:damage_dealt_resisted":10863,"minecraft:climb_one_cm":29359,"minecraft:walk_one_cm":1367450,"minecraft:sneak_time":1326,"minecraft:walk_under_water_one_cm":6343,"minecraft:interact_with_blast_furnace":9,"minecraft:total_world_time":206336,"minecraft:tune_noteblock":1,"minecraft:time_since_rest":8607,"minecraft:damage_taken":12080,"minecraft:damage_absorbed":40,"minecraft:trigger_trapped_chest":2,"minecraft:swim_one_cm":8106,"minecraft:fly_one_cm":846001,"minecraft:open_chest":162,"minecraft:fall_one_cm":111287},"minecraft:killed":{"born_in_chaos_v1:zombie_clown":1,"minecraft:cave_spider":24,"minecraft:spider":17,"born_in_chaos_v1:siamese_skeletonsright":1,"born_in_chaos_v1:baby_skeleton_minion":1,"undead_revamp2:theswarmer":1,"minecraft:skeleton":12,"minecraft:bee":1,"born_in_chaos_v1:bonescaller":1,"minecraft:pig":1,"minecraft:zombie_villager":3,"earthmobsmod:lobber_zombie":1,"minecraft:iron_golem":1,"undead_revamp2:theheavy":1,"minecraft:creeper":2,"minecraft:sheep":3,"born_in_chaos_v1:zombie_fisherman":1,"enemyexpansion:meature":1,"minecraft:zombie":6,"born_in_chaos_v1:corpse_fly":5,"luminousworld:dark_oak_zombie":1,"born_in_chaos_v1:siamese_skeletonsleft":1,"minecraft:cow":13,"undead_revamp2:thehunter":1,"undead_revamp2:bomber":1,"enemyexpansion:direwolf":1,"born_in_chaos_v1:maggot":9,"undead_revamp2:sucker":2,"born_in_chaos_v1:siamese_skeletons":1,"minecraft:husk":8,"born_in_chaos_v1:baby_skeleton":1,"undead_revamp2:the_moonflower":2,"enemyexpansion:sprinter":3,"born_in_chaos_v1:decrepit_skeleton":1,"undead_revamp2:thesomnolence":3,"iceandfire:ghost":3,"born_in_chaos_v1:dark_vortex":1,"minecraft:wither_skeleton":63},"minecraft:broken":{"fabledweaponry:scimitar_stone":1,"minecraft:iron_sword":1,"aether:chainmail_gloves":1,"aether:iron_gloves":1,"minecraft:iron_pickaxe":1}},"DataVersion":3465}