{"stats":{"minecraft:mined":{"luminousworld:savannah_soil":8,"minecraft:dandelion":1,"iceandfire:dragon_ice_spikes":4,"minecraft:clay":3,"minecraft:crafting_table":2,"minecraft:torch":1,"luminousworld:savannah_grass_1":1,"minecraft:acacia_log":8,"minecraft:grass_block":3,"luminousworld:grassflowers":1,"minecraft:cobblestone":16,"minecraft:tall_grass":5,"minecraft:copper_ore":9,"minecraft:lapis_ore":8,"minecraft:moss_block":4,"luminousworld:savanna_grass_2":1,"minecraft:wall_torch":1,"supplementaries:urn":1,"minecraft:redstone_ore":3,"minecraft:furnace":1,"undead_revamp2:bostroxore":5,"minecraft:iron_ore":81,"minecraft:moss_carpet":2,"minecraft:grass":6,"minecraft:coal_ore":290,"minecraft:oak_log":9,"minecraft:cave_vines":2,"minecraft:dirt":3,"minecraft:stone":60,"luminousworld:elephant_grass":1,"luminousworld:savannah_grass_4":1,"minecraft:oak_leaves":5,"luminousworld:savannah_ground":4},"minecraft:killed_by":{"iceandfire:ice_dragon":1,"born_in_chaos_v1:dark_vortex":1},"minecraft:custom":{"minecraft:interact_with_furnace":26,"minecraft:mob_kills":25,"minecraft:open_barrel":14,"minecraft:interact_with_crafting_table":14,"minecraft:time_since_death":1141,"minecraft:climb_one_cm":1144,"minecraft:time_since_rest":784,"minecraft:sprint_one_cm":124557,"minecraft:damage_taken":1636,"minecraft:walk_one_cm":342592,"minecraft:damage_blocked_by_shield":168,"minecraft:drop":16,"tombstone:eaten_lollipop":1,"minecraft:damage_dealt":4809,"minecraft:open_chest":4,"minecraft:fly_one_cm":156845,"minecraft:deaths":3,"minecraft:crouch_one_cm":1754,"minecraft:play_time":53742,"tombstone:undead_killed":13,"minecraft:sneak_time":546,"minecraft:jump":1398,"minecraft:walk_on_water_one_cm":173,"minecraft:total_world_time":53742,"minecraft:fall_one_cm":45583},"minecraft:broken":{"minecraft:iron_pickaxe":1},"minecraft:used":{"minecraft:stone_sword":22,"minecraft:stone_pickaxe":192,"minecraft:wooden_pickaxe":5,"minecraft:shield":5,"minecraft:iron_sword":89,"tombstone:lollipop":1,"luminousworld:savannah_ground":4,"minecraft:cookie":5,"minecraft:torch":70,"minecraft:glow_berries":2,"minecraft:dirt":3,"iceandfire:pixie_dust":1,"minecraft:crafting_table":4,"minecraft:wooden_axe":19,"minecraft:apple":2,"minecraft:iron_pickaxe":311,"minecraft:iron_boots":4,"minecraft:cobblestone":19,"minecraft:furnace":2,"tombstone:gift":2,"minecraft:cooked_beef":8,"minecraft:dark_oak_sapling":2},"minecraft:dropped":{"minecraft:iron_ingot":7,"minecraft:moss_block":1,"minecraft:dark_oak_sapling":8,"luminousworld:savannah_soil":8,"luminousworld:grassflowers":2,"minecraft:acacia_sapling":4,"luminousworld:elephant_grass":2,"minecraft:stone_pickaxe":1,"minecraft:wooden_pickaxe":1,"minecraft:string":1},"minecraft:killed":{"undead_revamp2:the_moonflower":1,"minecraft:spider":1,"enemyexpansion:sprinter":2,"undead_revamp2:theswarmer":1,"born_in_chaos_v1:maggot":1,"minecraft:skeleton":2,"undead_revamp2:thesomnolence":3,"minecraft:zombie":4,"minecraft:bee":1,"luminousworld:dark_oak_zombie":1,"undead_revamp2:sucker":2,"minecraft:cow":4},"minecraft:picked_up":{"minecraft:crafting_table":2,"luminousworld:savannah_ground":4,"minecraft:glow_ink_sac":2,"minecraft:clay_ball":28,"minecraft:leather":2,"minecraft:oak_log":9,"minecraft:gunpowder":2,"minecraft:moss_carpet":4,"minecraft:dirt":6,"minecraft:string":1,"minecraft:bone":6,"minecraft:apple":2,"minecraft:beef":8,"luminousworld:elephant_grass":2,"minecraft:moss_block":2,"minecraft:iron_sword":1,"minecraft:acacia_sapling":4,"minecraft:iron_boots":1,"minecraft:furnace":1,"iceandfire:pixie_dust":1,"minecraft:dark_oak_sapling":8,"minecraft:stick":6,"minecraft:torch":3,"minecraft:acacia_log":7,"luminousworld:savannah_soil":16,"minecraft:cookie":5,"tombstone:grave_dust":2,"minecraft:dark_oak_log":4,"tombstone:lollipop":1,"undead_revamp2:rawbostrox":3,"minecraft:bundle":1,"luminousworld:grassflowers":3,"minecraft:arrow":2,"minecraft:rotten_flesh":11,"minecraft:glow_berries":2,"minecraft:coal":61,"minecraft:cobblestone":72},"minecraft:crafted":{"minecraft:cooked_beef":8,"minecraft:oak_planks":36,"minecraft:crafting_table":2,"minecraft:iron_helmet":1,"minecraft:wooden_pickaxe":1,"minecraft:iron_sword":1,"minecraft:furnace":1,"minecraft:copper_ingot":0,"minecraft:air":0,"minecraft:iron_boots":1,"minecraft:iron_chestplate":1,"minecraft:shield":1,"minecraft:stick":32,"minecraft:iron_ingot":40,"minecraft:iron_pickaxe":2,"minecraft:stone_pickaxe":2,"minecraft:wooden_axe":1,"minecraft:iron_leggings":1,"minecraft:stone_sword":1,"minecraft:acacia_planks":28,"minecraft:torch":68}},"DataVersion":3465}