{"stats":{"minecraft:mined":{"luminousworld:savannah_soil":8,"minecraft:iron_ore":7,"minecraft:crafting_table":1,"luminousworld:savannah_grass_1":1,"minecraft:acacia_log":8,"minecraft:oak_log":9,"minecraft:coal_ore":95,"minecraft:copper_ore":1,"minecraft:stone":25,"luminousworld:savannah_grass_4":1,"luminousworld:elephant_grass":1,"minecraft:oak_leaves":2,"luminousworld:savanna_grass_2":1,"luminousworld:savannah_ground":4},"minecraft:custom":{"minecraft:time_since_rest":11742,"minecraft:interact_with_furnace":2,"minecraft:sprint_one_cm":34044,"minecraft:damage_taken":175,"minecraft:walk_one_cm":62863,"minecraft:mob_kills":8,"minecraft:drop":1,"minecraft:damage_dealt":960,"minecraft:interact_with_crafting_table":5,"minecraft:fly_one_cm":62145,"minecraft:crouch_one_cm":438,"minecraft:play_time":11742,"tombstone:undead_killed":3,"minecraft:sneak_time":187,"minecraft:jump":346,"minecraft:time_since_death":11742,"minecraft:total_world_time":11742,"minecraft:fall_one_cm":9631},"minecraft:used":{"minecraft:wooden_axe":17,"minecraft:stone_sword":22,"minecraft:stone_pickaxe":135,"minecraft:wooden_pickaxe":5,"luminousworld:savannah_ground":4,"minecraft:torch":8,"minecraft:crafting_table":3,"minecraft:furnace":1,"minecraft:cooked_beef":2},"minecraft:dropped":{"minecraft:wooden_pickaxe":1},"minecraft:killed":{"minecraft:zombie":2,"enemyexpansion:sprinter":1,"minecraft:cow":4,"born_in_chaos_v1:maggot":1},"minecraft:picked_up":{"minecraft:crafting_table":1,"luminousworld:savannah_ground":4,"minecraft:leather":2,"minecraft:acacia_log":7,"luminousworld:savannah_soil":8,"minecraft:oak_log":9,"minecraft:rotten_flesh":4,"minecraft:beef":8,"luminousworld:elephant_grass":1,"minecraft:acacia_sapling":2,"minecraft:coal":1,"minecraft:cobblestone":23},"minecraft:crafted":{"minecraft:cooked_beef":4,"minecraft:oak_planks":36,"minecraft:crafting_table":2,"minecraft:stick":32,"minecraft:wooden_pickaxe":1,"minecraft:stone_pickaxe":2,"minecraft:wooden_axe":1,"minecraft:stone_sword":1,"minecraft:furnace":1,"minecraft:acacia_planks":28,"minecraft:torch":68,"minecraft:air":0}},"DataVersion":3465}