{"stats":{"minecraft:killed_by":{"minecraft:husk":1,"minecraft:player":1,"enemyexpansion:slugger":1},"minecraft:mined":{"minecraft:acacia_leaves":4,"iceandfire:silver_ore":4,"iceandfire:podium_acacia":1,"minecraft:crafting_table":3,"minecraft:acacia_log":2,"luminousworld:bao_bob_wood":2,"minecraft:grass_block":4,"minecraft:melon":1,"minecraft:jungle_planks":1,"minecraft:jungle_log":8,"minecraft:cobblestone":2,"placeablesmod:bread_full_block":1,"minecraft:diorite":1,"luminousworld:whiteoaklog":13,"minecraft:furnace":1,"minecraft:iron_ore":37,"minecraft:andesite":2,"luminousworld:bao_bob_log":1,"minecraft:grass":12,"minecraft:coal_ore":164,"minecraft:acacia_planks":1,"minecraft:stone":29,"minecraft:oak_leaves":1,"minecraft:fern":6},"minecraft:dropped":{"minecraft:wheat_seeds":6,"minecraft:stone_sword":3,"minecraft:dirt":2,"minecraft:shield":1,"minecraft:gunpowder":1,"minecraft:wooden_axe":1,"minecraft:andesite":2,"born_in_chaos_v1:corpse_maggot":2,"tombstone:grave_dust":1,"minecraft:stone_pickaxe":2},"minecraft:custom":{"minecraft:interact_with_furnace":16,"minecraft:mob_kills":24,"minecraft:interact_with_crafting_table":13,"minecraft:open_barrel":6,"minecraft:damage_dealt_resisted":10,"minecraft:leave_game":1,"minecraft:time_since_death":12657,"minecraft:sleep_in_bed":1,"minecraft:climb_one_cm":4868,"minecraft:time_since_rest":12404,"minecraft:sprint_one_cm":86878,"minecraft:damage_taken":1804,"minecraft:walk_one_cm":220717,"minecraft:drop":18,"tombstone:eaten_lollipop":3,"minecraft:damage_dealt":3914,"minecraft:open_chest":15,"minecraft:talked_to_villager":16,"minecraft:fly_one_cm":136509,"minecraft:crouch_one_cm":419,"minecraft:play_time":38806,"tombstone:undead_killed":13,"minecraft:deaths":3,"minecraft:sneak_time":252,"minecraft:walk_under_water_one_cm":571,"minecraft:jump":1019,"minecraft:walk_on_water_one_cm":208,"minecraft:total_world_time":38806,"minecraft:fall_one_cm":26231},"minecraft:killed":{"minecraft:husk":4,"born_in_chaos_v1:zombie_clown_not_despawn":1,"enemyexpansion:direwolf":1,"minecraft:zombie_horse":1,"born_in_chaos_v1:decrepit_skeleton":1,"born_in_chaos_v1:maggot":5,"minecraft:skeleton":2,"luminousworld:savannah_skeleton":1,"born_in_chaos_v1:dread_hound":1,"minecraft:chicken":3,"undead_revamp2:thebidy":1,"luminousworld:savannah_zombie":1,"enemyexpansion:slugger":1},"minecraft:picked_up":{"minecraft:wooden_axe":2,"born_in_chaos_v1:corpse_maggot":2,"minecraft:crafting_table":2,"minecraft:feather":2,"minecraft:chicken":6,"minecraft:andesite":2,"minecraft:jungle_log":12,"luminousworld:bao_bob_wood":2,"minecraft:shield":1,"minecraft:gunpowder":1,"iceandfire:manuscript":1,"minecraft:dirt":2,"minecraft:paper":6,"tombstone:gift":3,"born_in_chaos_v1:bottle_of_magical_energy":1,"born_in_chaos_v1:intoxicating_decoction":3,"minecraft:iron_leggings":4,"minecraft:bone":7,"iceandfire:bestiary":2,"minecraft:wheat_seeds":6,"minecraft:stone_pickaxe":2,"minecraft:cobweb":1,"born_in_chaos_v1:gnawed_bones":1,"minecraft:melon_slice":4,"iceandfire:podium_acacia":2,"luminousworld:white_oak_plank":28,"minecraft:furnace":1,"minecraft:book":1,"iceandfire:pixie_dust":1,"minecraft:raw_iron":6,"iceandfire:dragonbone":4,"minecraft:acacia_log":1,"minecraft:poisonous_potato":2,"iceandfire:shiny_scales":1,"tombstone:grave_dust":4,"luminousworld:whiteoaklog":7,"alexsmobs:animal_dictionary":1,"tombstone:lollipop":3,"minecraft:bundle":1,"minecraft:stone_sword":3,"minecraft:rotten_flesh":9,"minecraft:emerald":4,"minecraft:bread":2,"luminousworld:bao_bob_log":1,"minecraft:coal":87,"iceandfire:raw_silver":4,"minecraft:cobblestone":30},"minecraft:used":{"minecraft:stone_sword":144,"iceandfire:podium_acacia":1,"minecraft:stone_pickaxe":186,"minecraft:wooden_pickaxe":59,"tombstone:lollipop":3,"minecraft:cooked_chicken":2,"minecraft:torch":12,"minecraft:crafting_table":4,"minecraft:jungle_planks":13,"minecraft:wooden_axe":37,"minecraft:melon_slice":4,"minecraft:bread":13,"tombstone:grave_key":2,"minecraft:cobblestone":7,"minecraft:furnace":1,"tombstone:gift":4},"minecraft:crafted":{"minecraft:crafting_table":2,"minecraft:wooden_pickaxe":1,"minecraft:cooked_chicken":3,"minecraft:air":0,"minecraft:jungle_planks":48,"minecraft:shield":1,"luminousworld:white_oak_plank":28,"minecraft:stick":36,"minecraft:iron_pickaxe":1,"minecraft:iron_ingot":17,"minecraft:stone_pickaxe":2,"minecraft:wooden_axe":1,"minecraft:stone_sword":2,"minecraft:acacia_planks":4,"minecraft:torch":64,"luminousworld:baobab_plank":12},"minecraft:broken":{"minecraft:wooden_pickaxe":1}},"DataVersion":3465}