{"stats":{"minecraft:killed_by":{"minecraft:husk":1,"minecraft:player":1,"enemyexpansion:slugger":1},"minecraft:used":{"minecraft:stone_sword":121,"minecraft:stone_pickaxe":72,"minecraft:wooden_pickaxe":59,"tombstone:lollipop":3,"minecraft:crafting_table":3,"minecraft:jungle_planks":13,"minecraft:wooden_axe":26,"minecraft:bread":12,"tombstone:grave_key":2,"minecraft:cobblestone":3,"tombstone:gift":4},"minecraft:mined":{"minecraft:acacia_leaves":4,"iceandfire:silver_ore":4,"iceandfire:podium_acacia":1,"minecraft:crafting_table":2,"minecraft:acacia_log":2,"luminousworld:bao_bob_wood":2,"minecraft:grass_block":3,"minecraft:jungle_planks":1,"minecraft:cobblestone":2,"placeablesmod:bread_full_block":1,"minecraft:diorite":1,"luminousworld:whiteoaklog":13,"minecraft:iron_ore":17,"minecraft:andesite":1,"luminousworld:bao_bob_log":1,"minecraft:grass":10,"minecraft:coal_ore":90,"minecraft:acacia_planks":1,"minecraft:stone":13,"minecraft:oak_leaves":1,"minecraft:fern":3},"minecraft:picked_up":{"minecraft:wooden_axe":1,"born_in_chaos_v1:corpse_maggot":2,"minecraft:crafting_table":2,"minecraft:feather":2,"minecraft:chicken":6,"minecraft:andesite":2,"minecraft:jungle_log":6,"luminousworld:bao_bob_wood":2,"minecraft:shield":1,"minecraft:gunpowder":1,"iceandfire:manuscript":1,"minecraft:paper":6,"tombstone:gift":3,"born_in_chaos_v1:bottle_of_magical_energy":1,"born_in_chaos_v1:intoxicating_decoction":3,"minecraft:iron_leggings":3,"minecraft:bone":4,"iceandfire:bestiary":2,"minecraft:wheat_seeds":6,"minecraft:stone_pickaxe":1,"minecraft:cobweb":1,"iceandfire:podium_acacia":2,"luminousworld:white_oak_plank":28,"minecraft:book":1,"iceandfire:pixie_dust":1,"iceandfire:dragonbone":4,"minecraft:acacia_log":1,"minecraft:poisonous_potato":2,"iceandfire:shiny_scales":1,"tombstone:grave_dust":4,"alexsmobs:animal_dictionary":1,"tombstone:lollipop":3,"luminousworld:whiteoaklog":7,"minecraft:bundle":1,"minecraft:stone_sword":1,"minecraft:rotten_flesh":7,"minecraft:emerald":4,"minecraft:bread":2,"luminousworld:bao_bob_log":1,"minecraft:coal":64,"iceandfire:raw_silver":4,"minecraft:cobblestone":15},"minecraft:broken":{"minecraft:wooden_pickaxe":1},"minecraft:crafted":{"minecraft:crafting_table":1,"minecraft:wooden_pickaxe":1,"minecraft:air":0,"minecraft:jungle_planks":24,"minecraft:shield":1,"luminousworld:white_oak_plank":28,"minecraft:stick":12,"minecraft:iron_ingot":1,"minecraft:stone_pickaxe":1,"minecraft:wooden_axe":1,"minecraft:stone_sword":1,"minecraft:acacia_planks":4,"luminousworld:baobab_plank":12},"minecraft:custom":{"minecraft:interact_with_furnace":6,"minecraft:mob_kills":20,"minecraft:interact_with_crafting_table":7,"minecraft:open_barrel":6,"minecraft:damage_dealt_resisted":10,"minecraft:leave_game":1,"minecraft:time_since_death":1277,"minecraft:sleep_in_bed":1,"minecraft:climb_one_cm":2623,"minecraft:time_since_rest":1024,"minecraft:sprint_one_cm":78873,"minecraft:damage_taken":1604,"minecraft:walk_one_cm":155957,"minecraft:drop":9,"tombstone:eaten_lollipop":3,"minecraft:damage_dealt":3054,"minecraft:talked_to_villager":16,"minecraft:fly_one_cm":129029,"minecraft:open_chest":15,"minecraft:crouch_one_cm":322,"minecraft:play_time":27426,"tombstone:undead_killed":11,"minecraft:deaths":3,"minecraft:sneak_time":243,"minecraft:walk_under_water_one_cm":571,"minecraft:jump":787,"minecraft:walk_on_water_one_cm":208,"minecraft:total_world_time":27426,"minecraft:fall_one_cm":23775},"minecraft:killed":{"minecraft:husk":4,"born_in_chaos_v1:zombie_clown_not_despawn":1,"minecraft:zombie_horse":1,"born_in_chaos_v1:maggot":5,"minecraft:skeleton":1,"luminousworld:savannah_skeleton":1,"minecraft:chicken":3,"undead_revamp2:thebidy":1,"luminousworld:savannah_zombie":1,"enemyexpansion:slugger":1},"minecraft:dropped":{"minecraft:wheat_seeds":6,"minecraft:shield":1,"minecraft:gunpowder":1,"minecraft:andesite":1,"born_in_chaos_v1:corpse_maggot":2,"tombstone:grave_dust":1}},"DataVersion":3465}