{"stats":{"minecraft:crafted":{"minecraft:crafting_table":1,"minecraft:stick":8,"minecraft:wooden_pickaxe":1,"minecraft:stone_pickaxe":1,"minecraft:acacia_planks":20},"minecraft:killed_by":{"minecraft:skeleton":1},"minecraft:mined":{"luminousworld:savannah_soil":1,"minecraft:crafting_table":1,"minecraft:acacia_log":5,"minecraft:stone_slab":1,"luminousworld:groundpebbles_2":2,"minecraft:tripwire_hook":2,"minecraft:stone":21,"minecraft:cartography_table":1,"minecraft:player_head":1},"minecraft:used":{"minecraft:beetroot":1,"minecraft:stone_pickaxe":1,"minecraft:cartography_table":1,"minecraft:wooden_pickaxe":31,"minecraft:potion":1,"minecraft:crafting_table":1,"minecraft:mushroom_stew":1,"minecraft:cake":1},"minecraft:picked_up":{"luminousworld:groundpebbles_1":3,"minecraft:crafting_table":1,"minecraft:tripwire_hook":2,"minecraft:acacia_log":6,"luminousworld:savannah_soil":1,"minecraft:tropical_fish":1,"minecraft:cartography_table":1,"minecraft:player_head":1,"minecraft:mutton":2,"minecraft:cobblestone":21},"minecraft:custom":{"minecraft:time_since_rest":10390,"minecraft:interact_with_furnace":2,"minecraft:sprint_one_cm":54686,"minecraft:damage_taken":430,"minecraft:walk_one_cm":60787,"minecraft:damage_dealt":56,"minecraft:talked_to_villager":1,"minecraft:tune_noteblock":2,"minecraft:interact_with_cartography_table":1,"minecraft:swim_one_cm":1974,"minecraft:interact_with_crafting_table":2,"minecraft:fly_one_cm":112150,"minecraft:open_barrel":2,"minecraft:open_chest":8,"minecraft:crouch_one_cm":7,"minecraft:interact_with_loom":2,"minecraft:play_time":16171,"minecraft:deaths":1,"minecraft:sneak_time":4,"minecraft:walk_under_water_one_cm":1381,"minecraft:jump":413,"minecraft:eat_cake_slice":7,"minecraft:time_since_death":11379,"minecraft:walk_on_water_one_cm":1280,"minecraft:total_world_time":16171,"minecraft:interact_with_smoker":2,"minecraft:fall_one_cm":10100}},"DataVersion":3465}