{"stats":{"minecraft:mined":{"minecraft:cave_vines_plant":2,"minecraft:acacia_log":8,"minecraft:grass_block":5,"minecraft:redstone_wire":2,"minecraft:moss_block":5,"luminousworld:savanna_grass_2":1,"minecraft:spawner":4,"minecraft:redstone_ore":3,"minecraft:furnace":1,"undead_revamp2:bostroxore":5,"minecraft:iron_ore":83,"minecraft:fire":22,"minecraft:moss_carpet":2,"minecraft:cave_vines":4,"minecraft:vine":1,"minecraft:oak_stairs":3,"minecraft:iron_block":1,"minecraft:stone":60,"luminousworld:savannah_soil":8,"minecraft:dandelion":1,"minecraft:powder_snow":4,"minecraft:crafting_table":2,"iceandfire:dragon_ice_spikes":4,"minecraft:clay":3,"minecraft:torch":1,"luminousworld:savannah_grass_1":1,"minecraft:rose_bush":1,"minecraft:sculk_sensor":1,"luminousworld:grassflowers":3,"minecraft:tall_grass":10,"minecraft:copper_ore":9,"minecraft:cobblestone":16,"minecraft:lapis_ore":8,"minecraft:oak_planks":1,"minecraft:sculk":1,"minecraft:iron_door":1,"minecraft:wall_torch":1,"supplementaries:urn":3,"minecraft:repeater":1,"luminousworld:clovers_1":1,"minecraft:tnt":1,"minecraft:grass":19,"minecraft:oak_log":9,"minecraft:coal_ore":290,"minecraft:sunflower":2,"minecraft:dirt":3,"minecraft:cobweb":85,"minecraft:tripwire_hook":6,"luminousworld:savannah_grass_4":1,"luminousworld:elephant_grass":1,"minecraft:oak_leaves":5,"luminousworld:savannah_ground":4},"minecraft:crafted":{"minecraft:oak_planks":36,"minecraft:furnace":1,"quark:acacia_chest":1,"minecraft:iron_boots":1,"minecraft:stone_pickaxe":2,"minecraft:cooked_beef":8,"minecraft:crafting_table":2,"minecraft:wooden_pickaxe":1,"minecraft:iron_helmet":1,"minecraft:iron_sword":2,"minecraft:copper_ingot":0,"minecraft:bread":4,"minecraft:air":0,"minecraft:iron_chestplate":1,"minecraft:paper":6,"minecraft:shield":1,"minecraft:stick":48,"minecraft:iron_ingot":40,"minecraft:iron_pickaxe":2,"minecraft:wooden_axe":1,"minecraft:stone_sword":2,"minecraft:iron_leggings":1,"minecraft:acacia_planks":28,"minecraft:torch":84},"minecraft:used":{"minecraft:stone_sword":86,"minecraft:redstone":2,"minecraft:ladder":2,"minecraft:shield":15,"minecraft:iron_sword":395,"tombstone:lollipop":1,"luminousworld:savannah_ground":4,"minecraft:torch":103,"minecraft:dirt":3,"iceandfire:pixie_dust":1,"minecraft:acacia_sapling":1,"minecraft:wooden_axe":19,"minecraft:oak_stairs":3,"minecraft:iron_boots":4,"minecraft:bow":1,"minecraft:furnace":2,"tombstone:gift":2,"minecraft:cooked_beef":8,"minecraft:dark_oak_sapling":2,"minecraft:water_bucket":1,"minecraft:stone_pickaxe":192,"minecraft:oak_planks":1,"minecraft:wooden_pickaxe":5,"minecraft:cookie":5,"fabledweaponry:scimitar_stone":35,"minecraft:glow_berries":2,"minecraft:crafting_table":4,"quark:acacia_chest":1,"minecraft:apple":2,"minecraft:bread":23,"minecraft:iron_pickaxe":323,"tombstone:grave_key":4,"quark:dark_oak_chest":2,"minecraft:cobblestone":40,"minecraft:bucket":1,"minecraft:pumpkin_pie":5,"alexsmobs:animal_dictionary":2,"minecraft:experience_bottle":2},"minecraft:picked_up":{"minecraft:crafting_table":2,"minecraft:ladder":2,"minecraft:clay_ball":28,"minecraft:oak_stairs":3,"fabledweaponry:scimitar_stone":1,"minecraft:stone_brick_wall":3,"minecraft:string":93,"minecraft:moss_carpet":4,"born_in_chaos_v1:intoxicating_decoction":2,"minecraft:item_frame":9,"minecraft:experience_bottle":2,"minecraft:tnt_minecart":1,"minecraft:beef":15,"minecraft:light_gray_wool":1,"minecraft:furnace":1,"minecraft:iron_boots":1,"iceandfire:pixie_dust":1,"minecraft:dark_oak_sapling":8,"minecraft:stick":6,"minecraft:acacia_log":7,"minecraft:torch":5,"minecraft:porkchop":1,"luminousworld:savannah_soil":16,"minecraft:stone_button":9,"minecraft:cookie":10,"tombstone:grave_dust":2,"minecraft:redstone":2,"minecraft:dark_oak_planks":12,"tombstone:lollipop":1,"minecraft:tnt":1,"luminousworld:grassflowers":5,"minecraft:arrow":11,"minecraft:rotten_flesh":14,"quark:acacia_chest":1,"supplementaries:antique_ink":2,"minecraft:iron_block":1,"minecraft:gold_ingot":4,"supplementaries:ash":6,"minecraft:glow_berries":2,"minecraft:mutton":4,"minecraft:skeleton_skull":1,"minecraft:white_wool":5,"minecraft:cobblestone":72,"born_in_chaos_v1:corpse_maggot":3,"luminousworld:savannah_ground":4,"minecraft:glow_ink_sac":2,"minecraft:iron_door":1,"minecraft:tripwire_hook":18,"minecraft:leather":6,"uniquedungeons:climbing_hook_item":1,"minecraft:oak_log":13,"minecraft:gunpowder":2,"minecraft:dirt":9,"minecraft:bone":10,"minecraft:acacia_planks":20,"minecraft:stone_bricks":4,"minecraft:apple":2,"minecraft:bow":4,"minecraft:iron_ingot":6,"luminousworld:elephant_grass":2,"minecraft:oak_planks":1,"minecraft:acacia_sapling":5,"minecraft:moss_block":2,"minecraft:iron_sword":2,"minecraft:oak_slab":1,"luminousworld:clovers_1":1,"iceandfire:ash":4,"born_in_chaos_v1:ethereal_spirit":1,"born_in_chaos_v1:dark_rod":1,"alexsmobs:animal_dictionary":1,"minecraft:dark_oak_log":4,"minecraft:bundle":2,"undead_revamp2:rawbostrox":3,"minecraft:diamond":3,"minecraft:emerald":2,"minecraft:bread":1,"born_in_chaos_v1:rotten_fish":2,"minecraft:coal":62},"minecraft:dropped":{"minecraft:iron_ingot":7,"minecraft:bread":1,"minecraft:oak_slab":1,"minecraft:moss_block":1,"minecraft:glow_ink_sac":2,"minecraft:dark_oak_sapling":8,"minecraft:item_frame":1,"minecraft:stick":8,"minecraft:dirt":3,"quark:acacia_chest":1,"minecraft:stone_button":10,"minecraft:torch":2,"iceandfire:ash":4,"minecraft:dark_oak_planks":12,"minecraft:string":9,"minecraft:tripwire_hook":18,"minecraft:white_wool":2,"minecraft:acacia_planks":20,"minecraft:lever":1,"minecraft:rotten_flesh":2,"minecraft:light_gray_wool":1,"minecraft:name_tag":1,"luminousworld:savannah_soil":8,"supplementaries:ash":6,"luminousworld:grassflowers":4,"minecraft:gunpowder":2,"born_in_chaos_v1:corpse_maggot":3,"minecraft:stone_brick_wall":5,"minecraft:acacia_sapling":5,"minecraft:stone_bricks":5,"luminousworld:elephant_grass":2,"minecraft:bow":2,"minecraft:wooden_pickaxe":1,"minecraft:stone_pickaxe":1},"minecraft:killed_by":{"minecraft:husk":1,"born_in_chaos_v1:dark_vortex":3,"undead_revamp2:thehunter":1,"iceandfire:ice_dragon":1,"enemyexpansion:vampflyer":1,"iceandfire:fire_dragon":3},"minecraft:custom":{"minecraft:interact_with_smithing_table":4,"minecraft:mob_kills":61,"minecraft:interact_with_anvil":1,"minecraft:interact_with_crafting_table":24,"minecraft:open_barrel":31,"minecraft:damage_dealt_resisted":135,"minecraft:eat_cake_slice":2,"minecraft:leave_game":1,"minecraft:time_since_death":4171,"minecraft:climb_one_cm":19889,"minecraft:sprint_one_cm":397510,"minecraft:walk_one_cm":760102,"minecraft:damage_blocked_by_shield":293,"minecraft:drop":49,"tombstone:eaten_lollipop":1,"minecraft:talked_to_villager":2,"minecraft:play_time":110336,"minecraft:deaths":11,"minecraft:sneak_time":987,"minecraft:walk_under_water_one_cm":2944,"minecraft:jump":3041,"minecraft:interact_with_blast_furnace":9,"minecraft:walk_on_water_one_cm":11782,"minecraft:total_world_time":110336,"minecraft:interact_with_furnace":34,"minecraft:interact_with_cartography_table":5,"minecraft:tune_noteblock":1,"minecraft:sleep_in_bed":5,"minecraft:time_since_rest":4001,"minecraft:damage_taken":4716,"minecraft:damage_dealt":14597,"minecraft:swim_one_cm":5189,"minecraft:fly_one_cm":479546,"minecraft:open_chest":35,"minecraft:crouch_one_cm":3964,"tombstone:undead_killed":29,"minecraft:fall_one_cm":84416},"minecraft:killed":{"born_in_chaos_v1:zombie_clown":1,"minecraft:spider":1,"undead_revamp2:bomber":1,"born_in_chaos_v1:maggot":7,"undead_revamp2:theswarmer":1,"minecraft:skeleton":3,"minecraft:bee":1,"undead_revamp2:sucker":2,"minecraft:husk":8,"minecraft:pig":1,"minecraft:zombie_villager":1,"undead_revamp2:the_moonflower":2,"earthmobsmod:lobber_zombie":1,"undead_revamp2:theheavy":1,"enemyexpansion:sprinter":2,"minecraft:sheep":3,"born_in_chaos_v1:zombie_fisherman":1,"undead_revamp2:thesomnolence":3,"minecraft:zombie":4,"born_in_chaos_v1:corpse_fly":4,"born_in_chaos_v1:dark_vortex":1,"luminousworld:dark_oak_zombie":1,"minecraft:cow":8},"minecraft:broken":{"fabledweaponry:scimitar_stone":1,"aether:iron_gloves":1,"minecraft:iron_sword":1,"minecraft:iron_pickaxe":1}},"DataVersion":3465}