{"stats":{"minecraft:mined":{"luminousworld:savannah_soil":8,"minecraft:cave_vines_plant":2,"minecraft:dandelion":1,"iceandfire:dragon_ice_spikes":4,"minecraft:clay":3,"minecraft:crafting_table":2,"minecraft:torch":1,"luminousworld:savannah_grass_1":1,"minecraft:acacia_log":8,"minecraft:grass_block":4,"luminousworld:grassflowers":1,"minecraft:cobblestone":16,"minecraft:tall_grass":8,"minecraft:copper_ore":9,"minecraft:lapis_ore":8,"minecraft:spawner":2,"minecraft:moss_block":5,"luminousworld:savanna_grass_2":1,"minecraft:wall_torch":1,"supplementaries:urn":1,"minecraft:redstone_ore":3,"minecraft:furnace":1,"undead_revamp2:bostroxore":5,"minecraft:iron_ore":81,"minecraft:moss_carpet":2,"minecraft:grass":9,"minecraft:coal_ore":290,"minecraft:oak_log":9,"minecraft:cave_vines":4,"minecraft:dirt":3,"minecraft:tripwire_hook":3,"minecraft:stone":60,"luminousworld:elephant_grass":1,"luminousworld:savannah_grass_4":1,"minecraft:oak_leaves":5,"luminousworld:savannah_ground":4},"minecraft:killed_by":{"iceandfire:ice_dragon":1,"born_in_chaos_v1:dark_vortex":3,"enemyexpansion:vampflyer":1},"minecraft:custom":{"minecraft:interact_with_furnace":30,"minecraft:mob_kills":30,"minecraft:open_barrel":22,"minecraft:interact_with_crafting_table":18,"minecraft:time_since_death":10158,"minecraft:sleep_in_bed":1,"minecraft:climb_one_cm":1358,"minecraft:time_since_rest":959,"minecraft:sprint_one_cm":167227,"minecraft:damage_taken":2622,"minecraft:walk_one_cm":408811,"minecraft:damage_blocked_by_shield":168,"minecraft:drop":22,"tombstone:eaten_lollipop":1,"minecraft:damage_dealt":7327,"minecraft:open_chest":10,"minecraft:fly_one_cm":201343,"minecraft:deaths":6,"minecraft:crouch_one_cm":1754,"minecraft:play_time":65742,"tombstone:undead_killed":16,"minecraft:sneak_time":547,"minecraft:jump":1750,"minecraft:interact_with_blast_furnace":5,"minecraft:walk_on_water_one_cm":433,"minecraft:total_world_time":65742,"minecraft:fall_one_cm":54701},"minecraft:broken":{"minecraft:iron_pickaxe":1},"minecraft:used":{"minecraft:stone_sword":22,"minecraft:stone_pickaxe":192,"minecraft:wooden_pickaxe":5,"minecraft:shield":6,"minecraft:iron_sword":171,"tombstone:lollipop":1,"luminousworld:savannah_ground":4,"minecraft:cookie":5,"minecraft:torch":72,"minecraft:glow_berries":2,"minecraft:dirt":3,"iceandfire:pixie_dust":1,"minecraft:crafting_table":4,"quark:acacia_chest":1,"minecraft:wooden_axe":19,"minecraft:bread":3,"minecraft:apple":2,"minecraft:iron_pickaxe":313,"minecraft:iron_boots":4,"minecraft:cobblestone":34,"minecraft:furnace":2,"tombstone:gift":2,"minecraft:cooked_beef":8,"minecraft:dark_oak_sapling":2},"minecraft:dropped":{"minecraft:iron_ingot":7,"minecraft:moss_block":1,"minecraft:glow_ink_sac":2,"minecraft:dark_oak_sapling":8,"luminousworld:savannah_soil":8,"minecraft:stick":8,"luminousworld:grassflowers":2,"quark:acacia_chest":1,"minecraft:gunpowder":2,"minecraft:torch":1,"minecraft:acacia_sapling":4,"luminousworld:elephant_grass":2,"minecraft:stone_pickaxe":1,"minecraft:wooden_pickaxe":1,"minecraft:string":1,"minecraft:acacia_planks":20},"minecraft:killed":{"undead_revamp2:the_moonflower":2,"minecraft:spider":1,"undead_revamp2:theheavy":1,"enemyexpansion:sprinter":2,"undead_revamp2:theswarmer":1,"born_in_chaos_v1:maggot":1,"minecraft:sheep":1,"minecraft:skeleton":3,"undead_revamp2:thesomnolence":3,"minecraft:zombie":4,"minecraft:bee":1,"born_in_chaos_v1:dark_vortex":1,"luminousworld:dark_oak_zombie":1,"undead_revamp2:sucker":2,"minecraft:cow":4},"minecraft:picked_up":{"minecraft:crafting_table":2,"luminousworld:savannah_ground":4,"minecraft:tripwire_hook":3,"minecraft:glow_ink_sac":2,"minecraft:clay_ball":28,"minecraft:leather":2,"minecraft:oak_log":9,"minecraft:gunpowder":2,"minecraft:moss_carpet":4,"minecraft:dirt":6,"minecraft:string":1,"minecraft:bone":6,"minecraft:acacia_planks":20,"minecraft:apple":2,"minecraft:beef":8,"luminousworld:elephant_grass":2,"minecraft:light_gray_wool":1,"minecraft:moss_block":2,"minecraft:iron_sword":1,"minecraft:acacia_sapling":4,"minecraft:iron_boots":1,"minecraft:furnace":1,"iceandfire:pixie_dust":1,"minecraft:dark_oak_sapling":8,"minecraft:stick":6,"born_in_chaos_v1:ethereal_spirit":1,"minecraft:torch":4,"minecraft:acacia_log":7,"luminousworld:savannah_soil":16,"born_in_chaos_v1:dark_rod":1,"minecraft:cookie":10,"tombstone:grave_dust":2,"minecraft:dark_oak_log":4,"tombstone:lollipop":1,"undead_revamp2:rawbostrox":3,"minecraft:bundle":1,"luminousworld:grassflowers":3,"minecraft:arrow":4,"minecraft:rotten_flesh":11,"quark:acacia_chest":1,"minecraft:glow_berries":2,"minecraft:mutton":1,"minecraft:coal":61,"minecraft:cobblestone":72},"minecraft:crafted":{"minecraft:cooked_beef":8,"minecraft:oak_planks":36,"minecraft:crafting_table":2,"minecraft:iron_helmet":1,"minecraft:wooden_pickaxe":1,"minecraft:iron_sword":1,"minecraft:furnace":1,"minecraft:copper_ingot":0,"minecraft:bread":4,"minecraft:air":0,"quark:acacia_chest":1,"minecraft:iron_boots":1,"minecraft:iron_chestplate":1,"minecraft:shield":1,"minecraft:stick":48,"minecraft:iron_ingot":40,"minecraft:iron_pickaxe":2,"minecraft:stone_pickaxe":2,"minecraft:wooden_axe":1,"minecraft:iron_leggings":1,"minecraft:stone_sword":1,"minecraft:acacia_planks":28,"minecraft:torch":84}},"DataVersion":3465}