{"stats":{"minecraft:mined":{"luminousworld:savannah_soil":8,"minecraft:dandelion":1,"minecraft:crafting_table":1,"minecraft:torch":1,"luminousworld:savannah_grass_1":1,"minecraft:acacia_log":8,"luminousworld:grassflowers":1,"minecraft:copper_ore":1,"luminousworld:savanna_grass_2":1,"minecraft:wall_torch":1,"minecraft:iron_ore":11,"minecraft:grass":3,"minecraft:coal_ore":146,"minecraft:oak_log":9,"minecraft:stone":32,"luminousworld:elephant_grass":1,"luminousworld:savannah_grass_4":1,"minecraft:oak_leaves":2,"luminousworld:savannah_ground":4},"minecraft:custom":{"minecraft:interact_with_furnace":8,"minecraft:mob_kills":17,"minecraft:interact_with_crafting_table":7,"minecraft:time_since_death":23742,"minecraft:time_since_rest":23742,"minecraft:sprint_one_cm":56779,"minecraft:damage_taken":605,"minecraft:walk_one_cm":151870,"minecraft:damage_blocked_by_shield":90,"minecraft:drop":4,"minecraft:damage_dealt":3105,"minecraft:fly_one_cm":102550,"minecraft:crouch_one_cm":615,"minecraft:play_time":23742,"tombstone:undead_killed":8,"minecraft:sneak_time":244,"minecraft:jump":646,"minecraft:total_world_time":23742,"minecraft:fall_one_cm":15394},"minecraft:used":{"minecraft:stone_sword":22,"minecraft:stone_pickaxe":141,"minecraft:wooden_pickaxe":5,"minecraft:shield":3,"minecraft:iron_sword":44,"luminousworld:savannah_ground":4,"minecraft:torch":41,"minecraft:crafting_table":3,"minecraft:wooden_axe":17,"minecraft:iron_pickaxe":56,"minecraft:cobblestone":12,"minecraft:furnace":1,"minecraft:cooked_beef":7},"minecraft:dropped":{"luminousworld:savannah_soil":8,"minecraft:stone_pickaxe":1,"minecraft:wooden_pickaxe":1},"minecraft:killed":{"undead_revamp2:the_moonflower":1,"minecraft:spider":1,"enemyexpansion:sprinter":1,"undead_revamp2:theswarmer":1,"born_in_chaos_v1:maggot":1,"minecraft:skeleton":2,"minecraft:zombie":3,"minecraft:bee":1,"minecraft:cow":4},"minecraft:picked_up":{"minecraft:crafting_table":1,"luminousworld:savannah_ground":4,"minecraft:leather":2,"minecraft:oak_log":9,"minecraft:gunpowder":2,"minecraft:bone":2,"minecraft:beef":8,"luminousworld:elephant_grass":1,"minecraft:acacia_sapling":2,"minecraft:torch":2,"minecraft:acacia_log":7,"luminousworld:savannah_soil":16,"minecraft:bundle":1,"minecraft:arrow":2,"minecraft:rotten_flesh":8,"minecraft:coal":1,"minecraft:cobblestone":32},"minecraft:crafted":{"minecraft:cooked_beef":8,"minecraft:oak_planks":36,"minecraft:crafting_table":2,"minecraft:wooden_pickaxe":1,"minecraft:iron_sword":1,"minecraft:furnace":1,"minecraft:copper_ingot":0,"minecraft:air":0,"minecraft:shield":1,"minecraft:stick":32,"minecraft:iron_ingot":7,"minecraft:iron_pickaxe":1,"minecraft:stone_pickaxe":2,"minecraft:wooden_axe":1,"minecraft:stone_sword":1,"minecraft:acacia_planks":28,"minecraft:torch":68}},"DataVersion":3465}