{"stats":{"minecraft:mined":{"luminousworld:whiteoaklog":11,"luminousworld:groundpebbles_1":1,"minecraft:acacia_leaves":4,"iceandfire:silver_ore":7,"minecraft:iron_ore":5,"minecraft:birch_log":22,"minecraft:birch_leaves":1,"minecraft:crafting_table":2,"minecraft:grass":1,"minecraft:grass_block":19,"minecraft:acacia_log":2,"minecraft:coal_ore":39,"minecraft:oak_log":38,"minecraft:dirt":11,"minecraft:copper_ore":21,"minecraft:stone":267,"luminousworld:savannah_grass_4":1,"minecraft:oak_leaves":15,"minecraft:wall_torch":1},"minecraft:custom":{"minecraft:time_since_rest":22827,"minecraft:interact_with_furnace":3,"minecraft:sprint_one_cm":35454,"minecraft:damage_taken":165,"minecraft:walk_one_cm":58424,"minecraft:mob_kills":3,"minecraft:drop":5,"minecraft:damage_dealt":430,"minecraft:swim_one_cm":6379,"minecraft:interact_with_crafting_table":7,"minecraft:fly_one_cm":26585,"minecraft:crouch_one_cm":62,"minecraft:play_time":22827,"tombstone:undead_killed":2,"minecraft:sneak_time":3,"minecraft:walk_under_water_one_cm":2776,"minecraft:jump":248,"minecraft:walk_on_water_one_cm":1476,"minecraft:time_since_death":22827,"minecraft:total_world_time":22827,"minecraft:fall_one_cm":6758},"minecraft:used":{"minecraft:wooden_axe":68,"minecraft:apple":1,"minecraft:stone_sword":23,"minecraft:stone_pickaxe":313,"minecraft:wooden_pickaxe":30,"minecraft:stone_axe":21,"minecraft:torch":5,"minecraft:cobblestone":2,"minecraft:crafting_table":3,"minecraft:furnace":1},"minecraft:broken":{"minecraft:stone_pickaxe":2,"minecraft:wooden_axe":1},"minecraft:dropped":{"minecraft:oak_sapling":5},"minecraft:killed":{"born_in_chaos_v1:mr_pumpkin":1,"minecraft:zombie":1,"undead_revamp2:sucker":1},"minecraft:crafted":{"minecraft:oak_planks":60,"minecraft:crafting_table":1,"minecraft:stick":8,"minecraft:wooden_pickaxe":1,"minecraft:stone_pickaxe":3,"minecraft:wooden_axe":1,"minecraft:stone_sword":1,"minecraft:furnace":1,"minecraft:acacia_planks":8,"minecraft:torch":24,"minecraft:stone_axe":1},"minecraft:picked_up":{"minecraft:birch_log":22,"luminousworld:groundpebbles_1":1,"minecraft:stick":12,"minecraft:crafting_table":2,"minecraft:torch":1,"alexsmobs:acacia_blossom":1,"minecraft:acacia_log":2,"minecraft:oak_log":25,"tombstone:lollipop":1,"minecraft:dirt":29,"luminousworld:whiteoaklog":10,"minecraft:rotten_flesh":2,"minecraft:apple":2,"minecraft:oak_sapling":9,"minecraft:birch_sapling":12,"minecraft:acacia_sapling":2,"minecraft:cobblestone":260}},"DataVersion":3465}