{"stats":{"minecraft:killed_by":{"enemyexpansion:huntsman":1,"minecraft:cave_spider":1,"undead_revamp2:thesomnolence":2,"undead_revamp2:thehorrors":1,"undead_revamp2:thehunter":1},"minecraft:killed":{"minecraft:spider":4,"minecraft:skeleton":3,"artifacts:mimic":1,"naturalist:snake":1,"undead_revamp2:thebeartamer":2,"minecraft:sheep":2,"minecraft:zombie":7,"undead_revamp2:theskeeper":1,"minecraft:glow_squid":1,"minecraft:cow":1,"undead_revamp2:thehunter":3,"enemyexpansion:direwolf":3,"born_in_chaos_v1:maggot":3,"undead_revamp2:sucker":7,"luminousworld:savannah_zombie":1,"earthmobsmod:albino_cow":3,"born_in_chaos_v1:barrel_zombie":2,"undead_revamp2:the_moonflower":2,"enemyexpansion:sprinter":1,"naturalist:finch":1,"undead_revamp2:thesomnolence":1},"minecraft:used":{"minecraft:iron_shovel":428,"minecraft:ladder":9,"minecraft:shield":12,"minecraft:iron_sword":264,"minecraft:tuff":16,"minecraft:honey_bottle":2,"luminousworld:white_oak_sapling":9,"minecraft:item_frame":2,"minecraft:furnace":2,"minecraft:oak_sapling":58,"minecraft:stone_pickaxe":271,"minecraft:oak_planks":536,"minecraft:wooden_pickaxe":24,"artifacts:eternal_steak":51,"minecraft:mushroom_stew":2,"minecraft:black_bed":1,"minecraft:oak_pressure_plate":6,"minecraft:andesite":6,"minecraft:oak_fence":86,"minecraft:stone_sword":103,"minecraft:stone_shovel":148,"minecraft:oak_door":12,"minecraft:torch":131,"minecraft:dirt":176,"minecraft:oak_fence_gate":2,"minecraft:iron_axe":441,"minecraft:oak_stairs":18,"tombstone:gift":3,"minecraft:cooked_beef":3,"luminousworld:white_oak_plank":219,"minecraft:crafting_table":3,"minecraft:white_bed":4,"minecraft:cake":3,"minecraft:oak_log":101,"minecraft:apple":6,"minecraft:iron_pickaxe":808,"tombstone:magic_scroll":3,"minecraft:stone_axe":339,"minecraft:cobblestone":142,"minecraft:cooked_porkchop":1,"minecraft:pumpkin_pie":1,"quark:oak_chest":19,"alexsmobs:animal_dictionary":1},"minecraft:crafted":{"minecraft:oak_planks":792,"minecraft:oak_pressure_plate":2,"minecraft:stone":16,"minecraft:cooked_mutton":6,"minecraft:iron_boots":1,"minecraft:oak_fence":87,"minecraft:oak_slab":6,"minecraft:cooked_porkchop":8,"minecraft:crafting_table":2,"minecraft:wooden_pickaxe":1,"minecraft:shield":1,"quark:oak_chest":18,"minecraft:stick":88,"minecraft:iron_pickaxe":5,"minecraft:iron_ingot":29,"minecraft:stone_sword":1,"artifacts:eternal_steak":1,"minecraft:oak_door":3,"minecraft:stone_shovel":1,"minecraft:furnace":2,"minecraft:iron_axe":3,"minecraft:ladder":8,"luminousworld:white_oak_plank":216,"minecraft:stone_pickaxe":2,"minecraft:cooked_beef":7,"minecraft:iron_sword":1,"minecraft:stone_axe":3,"minecraft:air":0,"minecraft:oak_fence_gate":2,"minecraft:oak_stairs":24,"minecraft:iron_shovel":2,"minecraft:white_bed":1,"minecraft:acacia_planks":32,"minecraft:torch":208},"minecraft:mined":{"undead_revamp2:arapholia":2,"minecraft:white_bed":3,"minecraft:sculk_vein":9,"minecraft:acacia_log":9,"minecraft:grass_block":506,"minecraft:oak_pressure_plate":2,"minecraft:sculk_catalyst":1,"minecraft:iron_ore":48,"minecraft:fire":2,"minecraft:pumpkin":1,"minecraft:deepslate_lapis_ore":4,"minecraft:small_amethyst_bud":1,"ecologics:walnut_log":5,"minecraft:stripped_mangrove_wood":4,"minecraft:deepslate_redstone_ore":6,"minecraft:red_bed":1,"luminousworld:tall_deadbush":1,"minecraft:melon_stem":1,"minecraft:soul_lantern":2,"minecraft:torch":10,"minecraft:melon":1,"minecraft:chest":1,"minecraft:glass":4,"minecraft:cobblestone":17,"minecraft:oak_planks":129,"minecraft:wall_torch":8,"minecraft:amethyst_block":7,"minecraft:deepslate_copper_ore":2,"minecraft:birch_log":41,"minecraft:wheat":53,"born_in_chaos_v1:river_mint":1,"minecraft:black_bed":1,"minecraft:grass":128,"minecraft:oak_log":313,"minecraft:acacia_fence":1,"minecraft:dirt":94,"luminousworld:grassvariant_3":26,"luminousworld:savannah_grass_4":9,"minecraft:oak_leaves":20,"minecraft:deepslate":7,"luminousworld:savannah_ground":2,"luminousworld:groundpebbles_1":5,"minecraft:tuff":67,"iceandfire:silver_ore":10,"minecraft:deepslate_diamond_ore":3,"luminousworld:grassvariant_4":4,"minecraft:oak_door":9,"minecraft:ladder":1,"iceandfire:deepslate_silver_ore":4,"luminousworld:grassvariant_2":43,"luminousworld:white_oak_plank":3,"luminousworld:groundpebbles_3":2,"minecraft:hay_block":20,"luminousworld:yellow_grassflowers":3,"minecraft:dark_oak_fence_gate":1,"minecraft:andesite":6,"minecraft:deepslate_iron_ore":49,"minecraft:vine":3,"luminousworld:groundpebbles_2":2,"minecraft:stone":397,"minecraft:white_wool":5,"minecraft:cake":1,"luminousworld:savannah_soil":3,"minecraft:acacia_leaves":3,"born_in_chaos_v1:marigolds":1,"quark:oak_chest":1,"minecraft:oak_fence":9,"minecraft:crafting_table":1,"minecraft:emerald_ore":8,"minecraft:sculk_sensor":2,"luminousworld:auburnlog":7,"luminousworld:grassflowers":3,"minecraft:tall_grass":6,"minecraft:copper_ore":46,"minecraft:lapis_ore":5,"minecraft:deepslate_gold_ore":16,"minecraft:sculk":225,"minecraft:diorite":1,"luminousworld:whiteoaklog":57,"supplementaries:urn":6,"minecraft:coal_ore":92,"luminousworld:ishstone":1,"minecraft:gravel":3,"minecraft:cobweb":7,"luminousworld:elephant_grass":2,"minecraft:gold_ore":16},"minecraft:broken":{"minecraft:iron_shovel":1,"minecraft:stone_pickaxe":2,"minecraft:stone_axe":3,"minecraft:stone_shovel":1,"minecraft:iron_axe":1,"minecraft:iron_pickaxe":3},"minecraft:picked_up":{"minecraft:iron_chestplate":1,"minecraft:wheat":47,"minecraft:chainmail_boots":4,"aether:iron_gloves":1,"minecraft:potion":2,"minecraft:amethyst_block":6,"iceandfire:manuscript":29,"minecraft:string":16,"minecraft:iron_leggings":1,"minecraft:armor_stand":2,"minecraft:beetroot":1,"minecraft:sea_pickle":1,"minecraft:cobbled_deepslate":6,"minecraft:melon_slice":6,"minecraft:stick":115,"ecologics:walnut_log":5,"minecraft:oak_fence":14,"minecraft:torch":31,"minecraft:acacia_log":8,"minecraft:porkchop":2,"tombstone:grave_dust":2,"minecraft:diorite":1,"tombstone:lollipop":2,"luminousworld:grassflowers":3,"quark:clear_shard":9,"minecraft:honey_bottle":1,"minecraft:rotten_flesh":24,"luminousworld:yellow_grassflowers":6,"luminousworld:tall_deadbush":1,"supplementaries:ash":11,"undead_revamp2:arapholia":4,"minecraft:cobblestone":491,"minecraft:birch_log":30,"ecologics:walnut":5,"minecraft:cooked_beef":8,"minecraft:andesite":6,"minecraft:black_bed":1,"minecraft:flint":7,"undead_revamp2:huntereye":2,"minecraft:lapis_lazuli":39,"minecraft:dirt":593,"born_in_chaos_v1:marigolds":1,"minecraft:bone":18,"minecraft:wheat_seeds":213,"minecraft:raw_gold":10,"luminousworld:elephant_grass":1,"minecraft:mossy_stone_bricks":1,"minecraft:oak_planks":167,"minecraft:cooked_porkchop":20,"minecraft:oak_pressure_plate":4,"minecraft:jungle_planks":2,"minecraft:ink_sac":1,"minecraft:barrel":1,"minecraft:soul_lantern":2,"minecraft:bread":5,"minecraft:chainmail_helmet":1,"minecraft:oak_sapling":88,"luminousworld:groundpebbles_1":10,"minecraft:crafting_table":1,"minecraft:ladder":1,"minecraft:clay_ball":4,"minecraft:wooden_pickaxe":1,"minecraft:oak_trapdoor":2,"minecraft:red_bed":1,"minecraft:item_frame":1,"ecologics:walnut_sapling":2,"supplementaries:bomb":3,"iceandfire:bestiary":1,"minecraft:beef":9,"minecraft:iron_nugget":26,"luminousworld:white_oak_plank":3,"minecraft:chest":1,"minecraft:birch_sapling":10,"minecraft:raw_iron":11,"minecraft:stripped_mangrove_wood":8,"minecraft:oak_door":9,"minecraft:bowl":1,"minecraft:carrot":1,"minecraft:iron_horse_armor":1,"luminousworld:white_oak_sapling":10,"minecraft:tnt":2,"minecraft:arrow":4,"minecraft:hay_block":20,"minecraft:mutton":2,"minecraft:white_wool":7,"minecraft:rail":1,"born_in_chaos_v1:corpse_maggot":2,"minecraft:glow_ink_sac":1,"luminousworld:ishstone":2,"minecraft:leather":4,"minecraft:oak_log":312,"minecraft:chainmail_chestplate":1,"minecraft:gunpowder":2,"minecraft:paper":6,"minecraft:apple":11,"minecraft:kelp":1,"minecraft:iron_ingot":1,"artifacts:whoopee_cushion":1,"artifacts:steadfast_spikes":1,"minecraft:book":1,"minecraft:pumpkin":1,"minecraft:gravel":5,"minecraft:white_bed":3,"minecraft:dark_oak_fence_gate":1,"quark:oak_chest":1,"minecraft:spider_eye":2,"luminousworld:whiteoaklog":54,"minecraft:iron_helmet":1,"minecraft:chainmail_leggings":1,"tombstone:magic_scroll":3,"minecraft:coal":30},"minecraft:custom":{"minecraft:animals_bred":5,"minecraft:interact_with_crafting_table":57,"minecraft:open_barrel":25,"minecraft:eat_cake_slice":23,"minecraft:leave_game":3,"minecraft:time_since_death":12764,"minecraft:sprint_one_cm":616258,"minecraft:damage_blocked_by_shield":265,"minecraft:drop":137,"minecraft:talked_to_villager":1,"minecraft:play_time":281309,"minecraft:deaths":7,"minecraft:jump":3335,"minecraft:interact_with_brewingstand":1,"minecraft:walk_on_water_one_cm":8804,"minecraft:interact_with_furnace":58,"minecraft:sleep_in_bed":6,"minecraft:damage_dealt":13156,"minecraft:player_kills":1,"minecraft:crouch_one_cm":33806,"tombstone:undead_killed":29,"minecraft:interact_with_smoker":4,"minecraft:mob_kills":57,"minecraft:damage_dealt_resisted":6,"minecraft:climb_one_cm":15544,"minecraft:walk_one_cm":1060882,"minecraft:sneak_time":10165,"minecraft:walk_under_water_one_cm":1120,"minecraft:interact_with_blast_furnace":5,"minecraft:total_world_time":281309,"minecraft:tune_noteblock":1,"minecraft:time_since_rest":12499,"minecraft:damage_taken":6936,"minecraft:swim_one_cm":6300,"minecraft:fly_one_cm":496678,"minecraft:open_chest":87,"minecraft:fall_one_cm":73779},"minecraft:dropped":{"minecraft:stripped_mangrove_wood":8,"minecraft:cooked_beef":8,"minecraft:cooked_porkchop":18,"minecraft:flint":5,"minecraft:dirt":36,"minecraft:white_wool":4,"minecraft:bone":2,"minecraft:armor_stand":2,"minecraft:gravel":2,"undead_revamp2:arapholia":4,"minecraft:rotten_flesh":2,"minecraft:oak_planks":75,"luminousworld:tall_deadbush":1,"aether:leather_gloves":1,"minecraft:dark_oak_fence_gate":1,"minecraft:chainmail_chestplate":1,"supplementaries:ash":7,"minecraft:chest":1,"minecraft:chainmail_boots":2,"iceandfire:manuscript":29,"minecraft:bread":12,"minecraft:wheat_seeds":66,"luminousworld:ishstone":2,"luminousworld:white_oak_sapling":1,"minecraft:oak_fence":5,"minecraft:cobblestone":9,"minecraft:chainmail_helmet":1,"quark:clear_shard":8,"minecraft:torch":56,"tombstone:grave_dust":1,"minecraft:potion":3,"minecraft:pumpkin":1,"minecraft:paper":9,"minecraft:oak_trapdoor":2,"minecraft:bowl":3,"luminousworld:groundpebbles_1":7,"artifacts:steadfast_spikes":1,"minecraft:mossy_stone_bricks":1,"minecraft:oak_sapling":10,"minecraft:barrel":1,"luminousworld:elephant_grass":1,"minecraft:wooden_pickaxe":2}},"DataVersion":3465}