{"stats":{"minecraft:mined":{"luminousworld:whiteoaklog":11,"luminousworld:groundpebbles_1":1,"minecraft:acacia_leaves":4,"minecraft:birch_log":22,"minecraft:birch_leaves":1,"minecraft:crafting_table":2,"minecraft:acacia_log":2,"minecraft:coal_ore":6,"minecraft:oak_log":28,"minecraft:copper_ore":4,"minecraft:stone":85,"luminousworld:savannah_grass_4":1,"minecraft:oak_leaves":7},"minecraft:custom":{"minecraft:time_since_rest":10827,"minecraft:sprint_one_cm":19130,"minecraft:damage_taken":70,"minecraft:walk_one_cm":19925,"minecraft:drop":5,"minecraft:swim_one_cm":1686,"minecraft:interact_with_crafting_table":3,"minecraft:fly_one_cm":17782,"minecraft:crouch_one_cm":62,"minecraft:play_time":10827,"minecraft:sneak_time":3,"minecraft:walk_under_water_one_cm":615,"minecraft:jump":98,"minecraft:walk_on_water_one_cm":794,"minecraft:time_since_death":10827,"minecraft:total_world_time":10827,"minecraft:fall_one_cm":4447},"minecraft:broken":{"minecraft:wooden_axe":1},"minecraft:used":{"minecraft:wooden_axe":68,"minecraft:stone_pickaxe":74,"minecraft:wooden_pickaxe":21,"minecraft:stone_axe":1,"minecraft:torch":1,"minecraft:crafting_table":3},"minecraft:dropped":{"minecraft:oak_sapling":5},"minecraft:crafted":{"minecraft:oak_planks":20,"minecraft:crafting_table":1,"minecraft:stick":8,"minecraft:wooden_pickaxe":1,"minecraft:stone_pickaxe":1,"minecraft:wooden_axe":1,"minecraft:acacia_planks":8,"minecraft:torch":24,"minecraft:stone_axe":1},"minecraft:picked_up":{"minecraft:birch_log":22,"luminousworld:groundpebbles_1":1,"minecraft:stick":10,"minecraft:crafting_table":2,"alexsmobs:acacia_blossom":1,"minecraft:acacia_log":2,"minecraft:oak_log":15,"luminousworld:whiteoaklog":10,"minecraft:apple":1,"minecraft:oak_sapling":5,"minecraft:birch_sapling":12,"minecraft:acacia_sapling":2,"minecraft:cobblestone":76}},"DataVersion":3465}