{"stats":{"minecraft:mined":{"luminousworld:groundpebbles_1":2,"luminousworld:groundpebbles_2":2},"minecraft:used":{"minecraft:item_frame":2,"alexsmobs:animal_dictionary":1},"minecraft:picked_up":{"minecraft:item_frame":1,"luminousworld:groundpebbles_1":3,"minecraft:honey_bottle":1,"minecraft:beetroot":1},"minecraft:custom":{"minecraft:jump":38,"minecraft:time_since_rest":3550,"minecraft:crouch_one_cm":55,"minecraft:damage_taken":10,"minecraft:sprint_one_cm":27497,"minecraft:play_time":3550,"minecraft:time_since_death":3550,"minecraft:walk_one_cm":14323,"minecraft:sneak_time":10,"minecraft:total_world_time":3550,"minecraft:fall_one_cm":420,"minecraft:fly_one_cm":12575,"minecraft:damage_dealt":7,"minecraft:eat_cake_slice":3}},"DataVersion":3465}