{"stats":{"minecraft:mined":{"undead_revamp2:arapholia":1,"luminousworld:groundpebbles_1":5,"minecraft:white_bed":3,"luminousworld:grassvariant_4":1,"minecraft:acacia_log":9,"minecraft:grass_block":9,"luminousworld:grassvariant_2":14,"luminousworld:groundpebbles_3":1,"minecraft:hay_block":20,"minecraft:iron_ore":6,"minecraft:fire":1,"minecraft:dark_oak_fence_gate":1,"minecraft:pumpkin":1,"luminousworld:groundpebbles_2":2,"minecraft:stripped_mangrove_wood":4,"minecraft:stone":61,"minecraft:white_wool":5,"minecraft:cake":1,"luminousworld:savannah_soil":3,"minecraft:acacia_leaves":3,"luminousworld:tall_deadbush":1,"minecraft:melon_stem":1,"minecraft:crafting_table":1,"minecraft:torch":3,"minecraft:melon":1,"minecraft:chest":1,"luminousworld:auburnlog":7,"minecraft:glass":4,"minecraft:tall_grass":4,"minecraft:oak_planks":15,"minecraft:wall_torch":2,"luminousworld:whiteoaklog":11,"minecraft:birch_log":18,"minecraft:wheat":53,"minecraft:grass":30,"minecraft:oak_log":141,"minecraft:acacia_fence":1,"minecraft:dirt":34,"luminousworld:grassvariant_3":3,"minecraft:cobweb":3,"luminousworld:elephant_grass":2,"luminousworld:savannah_grass_4":9,"minecraft:oak_leaves":8,"luminousworld:savannah_ground":2},"minecraft:custom":{"minecraft:mob_kills":13,"minecraft:interact_with_crafting_table":19,"minecraft:open_barrel":7,"minecraft:damage_dealt_resisted":6,"minecraft:eat_cake_slice":23,"minecraft:leave_game":1,"minecraft:time_since_death":86318,"minecraft:sprint_one_cm":195248,"minecraft:walk_one_cm":292555,"minecraft:drop":111,"minecraft:talked_to_villager":1,"minecraft:play_time":86318,"minecraft:sneak_time":1592,"minecraft:walk_under_water_one_cm":919,"minecraft:interact_with_brewingstand":1,"minecraft:jump":1046,"minecraft:interact_with_blast_furnace":3,"minecraft:walk_on_water_one_cm":5898,"minecraft:total_world_time":86318,"minecraft:interact_with_furnace":18,"minecraft:tune_noteblock":1,"minecraft:sleep_in_bed":1,"minecraft:time_since_rest":55054,"minecraft:damage_taken":1752,"minecraft:damage_dealt":2298,"minecraft:swim_one_cm":6300,"minecraft:fly_one_cm":201282,"minecraft:open_chest":22,"minecraft:crouch_one_cm":6978,"tombstone:undead_killed":6,"minecraft:interact_with_smoker":4,"minecraft:fall_one_cm":20541},"minecraft:crafted":{"artifacts:eternal_steak":1,"minecraft:oak_planks":308,"minecraft:cooked_mutton":2,"minecraft:stone_pickaxe":1,"minecraft:cooked_beef":5,"minecraft:cooked_porkchop":8,"minecraft:crafting_table":2,"minecraft:wooden_pickaxe":1,"minecraft:stone_axe":3,"minecraft:air":0,"minecraft:stick":24,"quark:oak_chest":2,"minecraft:oak_stairs":12,"minecraft:stone_sword":1,"minecraft:white_bed":1,"minecraft:acacia_planks":32,"minecraft:torch":32},"minecraft:used":{"minecraft:stone_sword":18,"minecraft:torch":11,"minecraft:honey_bottle":2,"minecraft:oak_stairs":6,"minecraft:item_frame":2,"minecraft:cooked_beef":1,"minecraft:stone_pickaxe":73,"minecraft:oak_planks":213,"minecraft:wooden_pickaxe":24,"artifacts:eternal_steak":10,"minecraft:crafting_table":3,"minecraft:mushroom_stew":2,"minecraft:white_bed":4,"minecraft:cake":3,"minecraft:apple":6,"minecraft:stone_axe":266,"minecraft:cooked_porkchop":1,"minecraft:pumpkin_pie":1,"quark:oak_chest":2,"alexsmobs:animal_dictionary":1},"minecraft:dropped":{"minecraft:bread":10,"minecraft:wheat_seeds":65,"minecraft:stripped_mangrove_wood":8,"minecraft:cooked_beef":4,"luminousworld:white_oak_sapling":1,"minecraft:cooked_porkchop":18,"minecraft:cobblestone":2,"minecraft:dirt":36,"quark:clear_shard":8,"tombstone:grave_dust":1,"minecraft:potion":3,"minecraft:pumpkin":1,"minecraft:paper":9,"minecraft:white_wool":4,"minecraft:armor_stand":2,"minecraft:bone":2,"minecraft:bowl":3,"minecraft:rotten_flesh":1,"luminousworld:tall_deadbush":1,"minecraft:oak_planks":75,"minecraft:dark_oak_fence_gate":1,"minecraft:chainmail_chestplate":1,"luminousworld:groundpebbles_1":7,"artifacts:steadfast_spikes":1,"minecraft:oak_sapling":10,"minecraft:chest":1,"luminousworld:elephant_grass":1,"minecraft:wooden_pickaxe":2,"iceandfire:manuscript":29},"minecraft:picked_up":{"luminousworld:groundpebbles_1":7,"minecraft:crafting_table":1,"minecraft:iron_chestplate":1,"minecraft:wheat":45,"minecraft:chainmail_boots":1,"minecraft:wooden_pickaxe":1,"minecraft:potion":2,"iceandfire:manuscript":29,"minecraft:string":1,"minecraft:item_frame":1,"minecraft:armor_stand":2,"minecraft:beetroot":1,"iceandfire:bestiary":1,"minecraft:beef":5,"minecraft:melon_slice":6,"minecraft:birch_sapling":2,"minecraft:chest":1,"minecraft:stick":42,"minecraft:raw_iron":6,"minecraft:stripped_mangrove_wood":8,"minecraft:torch":5,"minecraft:bowl":1,"minecraft:acacia_log":8,"minecraft:porkchop":2,"tombstone:grave_dust":1,"minecraft:carrot":1,"tombstone:lollipop":1,"luminousworld:white_oak_sapling":1,"luminousworld:grassflowers":1,"minecraft:honey_bottle":1,"quark:clear_shard":9,"minecraft:rotten_flesh":6,"minecraft:hay_block":20,"luminousworld:tall_deadbush":1,"minecraft:mutton":2,"minecraft:white_wool":7,"minecraft:cobblestone":135,"minecraft:birch_log":18,"minecraft:cooked_beef":4,"minecraft:leather":3,"minecraft:oak_log":145,"minecraft:chainmail_chestplate":1,"minecraft:paper":6,"minecraft:dirt":36,"born_in_chaos_v1:marigolds":1,"minecraft:bone":5,"minecraft:apple":4,"minecraft:wheat_seeds":195,"minecraft:iron_ingot":1,"luminousworld:elephant_grass":1,"artifacts:steadfast_spikes":1,"minecraft:oak_planks":55,"minecraft:cooked_porkchop":20,"minecraft:pumpkin":1,"minecraft:white_bed":3,"minecraft:dark_oak_fence_gate":1,"luminousworld:whiteoaklog":11,"minecraft:chainmail_leggings":1,"minecraft:chainmail_helmet":1,"minecraft:bread":5,"minecraft:oak_sapling":25},"minecraft:broken":{"minecraft:stone_axe":1},"minecraft:killed":{"enemyexpansion:direwolf":1,"minecraft:skeleton":1,"undead_revamp2:sucker":2,"luminousworld:savannah_zombie":1,"earthmobsmod:albino_cow":1,"minecraft:sheep":2,"minecraft:zombie":2,"minecraft:cow":1}},"DataVersion":3465}