{"stats":{"minecraft:killed_by":{"minecraft:husk":1},"minecraft:used":{"fabledweaponry:scimitar_iron":9,"minecraft:wooden_pickaxe":253,"fabledweaponry:scimitar_stone":77,"minecraft:crafting_table":1,"minecraft:wooden_axe":64,"minecraft:bread":6,"tombstone:grave_key":1,"minecraft:stone_axe":135,"minecraft:furnace":1},"minecraft:picked_up":{"born_in_chaos_v1:corpse_maggot":2,"luminousworld:groundpebbles_1":1,"minecraft:iron_chestplate":1,"minecraft:crafting_table":1,"luminousworld:savannah_ground":3,"minecraft:andesite":1,"minecraft:jungle_log":77,"alexsmobs:acacia_blossom":1,"minecraft:oak_log":39,"minecraft:shield":1,"minecraft:dirt":3,"minecraft:bone":2,"minecraft:wheat_seeds":4,"alexsmobs:banana":2,"luminousworld:elephant_grass":1,"minecraft:jungle_sapling":2,"luminousworld:white_petunias":1,"minecraft:acacia_sapling":13,"minecraft:stick":17,"minecraft:acacia_log":43,"minecraft:sand":17,"minecraft:arrow":2,"minecraft:rotten_flesh":4,"minecraft:hay_block":16,"alexsmobs:emu_egg":1,"luminousworld:tall_deadbush":2,"minecraft:oak_sapling":7,"luminousworld:bao_bob_log":3,"minecraft:cobblestone":20},"minecraft:mined":{"luminousworld:white_petunias":1,"minecraft:acacia_leaves":2,"luminousworld:yellowpetunias":1,"luminousworld:tall_deadbush":2,"minecraft:dandelion":1,"minecraft:crafting_table":1,"luminousworld:savannah_grass_1":47,"minecraft:acacia_log":44,"minecraft:grass_block":2,"minecraft:jungle_log":95,"luminousworld:grassvariant_2":10,"minecraft:tall_grass":7,"luminousworld:groundpebbles_3":1,"luminousworld:savanna_grass_2":36,"minecraft:hay_block":16,"luminousworld:yellow_grassflowers":1,"luminousworld:bao_bob_log":3,"minecraft:grass":64,"minecraft:oak_log":45,"minecraft:vine":2,"minecraft:sand":17,"minecraft:dirt":1,"luminousworld:grassvariant_3":10,"minecraft:stone":20,"luminousworld:savannah_grass_4":40,"luminousworld:elephant_grass":7,"minecraft:oak_leaves":1,"minecraft:fern":5,"luminousworld:savannah_ground":3},"minecraft:broken":{"minecraft:stone_axe":1,"minecraft:wooden_axe":1,"minecraft:wooden_pickaxe":1},"minecraft:crafted":{"fabledweaponry:scimitar_stone":1,"minecraft:crafting_table":1,"minecraft:wooden_pickaxe":1,"minecraft:furnace":1,"minecraft:stone_axe":1,"minecraft:air":0,"minecraft:bread":48,"minecraft:iron_ingot":2,"minecraft:stone_pickaxe":1,"minecraft:wooden_axe":1,"minecraft:acacia_planks":36,"minecraft:wheat":144},"minecraft:custom":{"minecraft:interact_with_furnace":7,"minecraft:mob_kills":1,"minecraft:interact_with_crafting_table":6,"minecraft:open_barrel":6,"minecraft:leave_game":1,"minecraft:time_since_death":4654,"minecraft:climb_one_cm":1765,"minecraft:time_since_rest":4449,"minecraft:sprint_one_cm":45084,"minecraft:damage_taken":595,"minecraft:walk_one_cm":105976,"minecraft:drop":4,"minecraft:damage_dealt":1106,"minecraft:swim_one_cm":1590,"minecraft:fly_one_cm":60575,"minecraft:player_kills":1,"minecraft:open_chest":3,"minecraft:crouch_one_cm":39,"minecraft:play_time":11758,"tombstone:undead_killed":1,"minecraft:deaths":1,"minecraft:sneak_time":64,"minecraft:walk_under_water_one_cm":1237,"tombstone:tomb_raiding":1,"minecraft:jump":310,"minecraft:walk_on_water_one_cm":3301,"minecraft:total_world_time":11758,"minecraft:fall_one_cm":4930},"minecraft:killed":{"minecraft:skeleton":1},"minecraft:dropped":{"minecraft:andesite":1,"luminousworld:savannah_ground":3}},"DataVersion":3465}