{"stats":{"minecraft:broken":{"minecraft:iron_boots":1,"minecraft:wooden_pickaxe":1,"minecraft:stone_pickaxe":3,"minecraft:stone_axe":2,"minecraft:iron_helmet":1,"minecraft:wooden_axe":1,"minecraft:diamond_sword":1},"minecraft:dropped":{"minecraft:iron_ingot":28,"minecraft:bread":1,"minecraft:wheat_seeds":16,"minecraft:mossy_cobblestone":3,"minecraft:iron_helmet":1,"minecraft:cobblestone":103,"minecraft:glow_berries":1,"minecraft:apple":6,"iceandfire:pixie_house_oak":2,"minecraft:coal":14,"minecraft:item_frame":3,"minecraft:dirt":32,"tombstone:bag_of_seeds":1,"minecraft:torch":60,"fabledweaponry:scimitar_iron":1,"minecraft:rose_bush":2,"minecraft:smooth_quartz":3,"tombstone:grave_dust":21,"minecraft:iron_leggings":2,"tombstone:lollipop":2,"minecraft:furnace":1,"alexsmobs:acacia_blossom":1,"alexsmobs:animal_dictionary":1,"minecraft:cocoa_beans":5,"minecraft:birch_sapling":32,"tombstone:gift":1,"minecraft:rotten_flesh":35,"minecraft:oak_planks":10,"minecraft:iron_boots":1,"sophisticatedbackpacks:backpack":2,"minecraft:spruce_fence":3,"fabledweaponry:scimitar_stone":2,"minecraft:diamond_sword":2,"supplementaries:ash":2,"minecraft:bundle":1,"luminousworld:groundpebbles_1":2,"minecraft:melon_seeds":4,"born_in_chaos_v1:corpse_maggot":1,"minecraft:oak_sapling":21,"iceandfire:pixie_dust":2,"minecraft:acacia_sapling":2,"minecraft:bow":1,"minecraft:stone_pickaxe":1,"undead_revamp2:rawbostrox":3},"minecraft:crafted":{"minecraft:oak_planks":144,"minecraft:furnace":5,"minecraft:iron_boots":2,"minecraft:bow":1,"minecraft:iron_axe":1,"minecraft:stone_pickaxe":4,"minecraft:wheat":99,"minecraft:cooked_beef":21,"fabledweaponry:scimitar_stone":1,"minecraft:crafting_table":3,"minecraft:iron_helmet":1,"minecraft:wooden_pickaxe":1,"minecraft:baked_potato":10,"fabledweaponry:scimitar_iron":2,"minecraft:stone_axe":2,"sophisticatedbackpacks:upgrade_base":1,"minecraft:bread":33,"minecraft:air":0,"minecraft:iron_chestplate":2,"minecraft:stick":44,"quark:oak_chest":3,"minecraft:iron_ingot":124,"minecraft:iron_pickaxe":1,"minecraft:wooden_axe":1,"minecraft:iron_block":4,"minecraft:stone_sword":1,"minecraft:iron_leggings":1,"minecraft:acacia_planks":8,"minecraft:torch":56},"minecraft:killed_by":{"minecraft:husk":1,"minecraft:player":3,"minecraft:wither_skeleton":2,"minecraft:zombie":1,"iceandfire:ghost":1,"iceandfire:fire_dragon":1},"minecraft:mined":{"luminousworld:groundpebbles_1":1,"iceandfire:silver_ore":11,"minecraft:mossy_cobblestone":6,"luminousworld:grassvariant_4":1,"minecraft:spruce_trapdoor":8,"minecraft:ladder":2,"minecraft:acacia_log":2,"minecraft:spruce_fence":13,"minecraft:grass_block":33,"iceandfire:pixie_house_oak":1,"luminousworld:clovers_2":1,"minecraft:spawner":12,"minecraft:hay_block":11,"minecraft:smooth_stone":6,"minecraft:furnace":1,"undead_revamp2:bostroxore":2,"minecraft:iron_ore":79,"minecraft:fire":1,"minecraft:fletching_table":1,"minecraft:azalea":1,"minecraft:stone":277,"uniquedungeons:climbing_rope":1,"sophisticatedbackpacks:backpack":1,"minecraft:acacia_leaves":4,"minecraft:scaffolding":6,"minecraft:brown_carpet":4,"minecraft:crafting_table":7,"minecraft:torch":12,"minecraft:melon":9,"minecraft:rose_bush":2,"minecraft:copper_ore":23,"minecraft:tall_grass":7,"minecraft:cobblestone":10,"minecraft:lapis_ore":3,"minecraft:oak_planks":8,"minecraft:sugar_cane":10,"minecraft:wall_torch":12,"minecraft:spruce_stairs":4,"luminousworld:whiteoaklog":11,"minecraft:sea_pickle":2,"minecraft:birch_log":76,"minecraft:birch_leaves":1,"minecraft:grass":4,"minecraft:coal_ore":199,"minecraft:oak_log":99,"minecraft:cyan_carpet":27,"minecraft:smooth_quartz":6,"minecraft:dirt":20,"luminousworld:grassvariant_3":1,"minecraft:cobweb":22,"minecraft:gold_ore":1,"luminousworld:savannah_grass_4":1,"minecraft:oak_leaves":19},"minecraft:killed":{"minecraft:cave_spider":44,"born_in_chaos_v1:mr_pumpkin":1,"undead_revamp2:thehunter":1,"born_in_chaos_v1:zombie_lumberjack":1,"minecraft:spider":21,"enemyexpansion:direwolf":3,"minecraft:skeleton":19,"friendsandfoes:glare":2,"takesapillage:clay_golem":1,"alexsmobs:bison":1,"undead_revamp2:sucker":1,"born_in_chaos_v1:fallen_chaos_knight":1,"minecraft:husk":3,"earthmobsmod:bouldering_zombie":1,"born_in_chaos_v1:baby_skeleton":2,"enemyexpansion:sprinter":3,"minecraft:creeper":1,"minecraft:zombie":4,"alexsmobs:crow":1,"iceandfire:pixie":1,"luminousworld:dark_oak_zombie":1,"minecraft:wither_skeleton":114,"minecraft:cow":4},"minecraft:used":{"minecraft:iron_shovel":20,"minecraft:stone_sword":28,"fabledweaponry:scimitar_iron":207,"tombstone:scroll_of_frost_resistance":1,"minecraft:shield":14,"minecraft:iron_sword":4,"tombstone:lollipop":1,"minecraft:iron_chestplate":1,"minecraft:torch":231,"minecraft:anvil":1,"born_in_chaos_v1:corpse_maggot":1,"minecraft:wooden_axe":68,"minecraft:iron_axe":172,"minecraft:iron_boots":1,"undead_revamp2:huntereye":1,"minecraft:golden_carrot":5,"minecraft:bow":5,"minecraft:furnace":5,"tombstone:gift":1,"minecraft:cooked_beef":14,"minecraft:iron_leggings":1,"tombstone:scroll_of_mercy":1,"tombstone:scroll_of_knowledge":2,"tombstone:scroll_of_reach":1,"minecraft:stone_pickaxe":515,"minecraft:oak_planks":62,"minecraft:wooden_pickaxe":59,"luminousworld:white_oak_plank":40,"minecraft:cookie":5,"minecraft:golden_apple":5,"fabledweaponry:scimitar_stone":72,"minecraft:crafting_table":9,"sophisticatedbackpacks:backpack":3,"minecraft:apple":19,"minecraft:bread":107,"minecraft:melon_slice":35,"minecraft:iron_pickaxe":80,"tombstone:magic_scroll":2,"tombstone:grave_key":9,"minecraft:stone_axe":199,"minecraft:diamond_sword":1581,"minecraft:cobblestone":154,"quark:oak_chest":2},"minecraft:picked_up":{"minecraft:cocoa_beans":5,"minecraft:iron_chestplate":1,"luminousworld:groundpebbles_1":2,"minecraft:crafting_table":6,"minecraft:allium":1,"iceandfire:witherbone":52,"iceandfire:pixie_house_oak":2,"minecraft:clay_ball":3,"minecraft:diamond_sword":19,"fabledweaponry:scimitar_stone":1,"minecraft:string":118,"minecraft:iron_axe":3,"minecraft:iron_leggings":2,"minecraft:item_frame":3,"minecraft:iron_shovel":3,"minecraft:cyan_carpet":17,"minecraft:sea_pickle":2,"minecraft:smooth_stone":6,"minecraft:spruce_planks":3,"minecraft:beef":15,"minecraft:rose_bush":5,"minecraft:smooth_quartz":3,"minecraft:melon_slice":36,"minecraft:sugar_cane":23,"fabledweaponry:scimitar_iron":2,"minecraft:birch_sapling":32,"minecraft:spruce_trapdoor":9,"minecraft:iron_boots":1,"minecraft:furnace":1,"iceandfire:pixie_dust":2,"minecraft:stick":18,"minecraft:raw_iron":7,"minecraft:torch":59,"minecraft:acacia_log":2,"minecraft:spruce_stairs":4,"sophisticatedbackpacks:backpack":3,"minecraft:spruce_fence":13,"minecraft:cookie":10,"tombstone:grave_dust":34,"born_in_chaos_v1:pieceofdarkmetal":3,"tombstone:lollipop":9,"minecraft:brown_carpet":6,"minecraft:arrow":26,"minecraft:rotten_flesh":41,"minecraft:hay_block":11,"tombstone:essence_of_undeath":1,"supplementaries:ash":2,"minecraft:glow_berries":1,"minecraft:cobblestone":352,"minecraft:birch_log":76,"born_in_chaos_v1:corpse_maggot":2,"minecraft:cooked_beef":1,"minecraft:leather":5,"alexsmobs:acacia_blossom":1,"minecraft:oak_log":79,"undead_revamp2:huntereye":2,"minecraft:wither_skeleton_skull":1,"minecraft:dirt":33,"tombstone:gift":2,"minecraft:bone":132,"minecraft:apple":25,"minecraft:bow":1,"minecraft:wheat_seeds":1,"minecraft:raw_gold":1,"minecraft:iron_ingot":61,"tombstone:bag_of_seeds":2,"minecraft:fletching_table":1,"minecraft:iron_sword":1,"minecraft:oak_planks":7,"minecraft:acacia_sapling":2,"minecraft:scaffolding":6,"minecraft:spider_eye":25,"minecraft:mossy_cobblestone":3,"luminousworld:whiteoaklog":10,"minecraft:bundle":4,"undead_revamp2:rawbostrox":6,"minecraft:chainmail_leggings":1,"minecraft:iron_helmet":2,"minecraft:golden_apple":1,"minecraft:bread":42,"minecraft:emerald":2,"tombstone:magic_scroll":5,"minecraft:oak_sapling":21,"minecraft:melon_seeds":4,"minecraft:coal":121},"minecraft:custom":{"minecraft:interact_with_smithing_table":1,"minecraft:interact_with_anvil":10,"minecraft:mob_kills":234,"minecraft:interact_with_crafting_table":49,"minecraft:open_barrel":10,"minecraft:damage_dealt_resisted":16657,"minecraft:leave_game":3,"minecraft:time_since_death":23772,"minecraft:climb_one_cm":6485,"minecraft:sprint_one_cm":612438,"minecraft:walk_one_cm":1335475,"minecraft:damage_blocked_by_shield":480,"tombstone:eaten_lollipop":1,"minecraft:drop":76,"minecraft:play_noteblock":3,"minecraft:talked_to_villager":1,"minecraft:play_time":258090,"minecraft:deaths":13,"minecraft:sneak_time":782,"minecraft:walk_under_water_one_cm":10406,"minecraft:interact_with_brewingstand":1,"minecraft:jump":2713,"minecraft:walk_on_water_one_cm":18512,"minecraft:total_world_time":258090,"minecraft:interact_with_furnace":60,"minecraft:interact_with_cartography_table":1,"minecraft:tune_noteblock":2,"minecraft:sleep_in_bed":2,"minecraft:time_since_rest":23751,"minecraft:damage_taken":12813,"minecraft:damage_absorbed":196,"minecraft:damage_dealt":78992,"tombstone:cast_on_ally":0,"minecraft:swim_one_cm":58425,"minecraft:open_chest":80,"minecraft:fly_one_cm":468562,"minecraft:crouch_one_cm":3656,"tombstone:undead_killed":151,"minecraft:fall_one_cm":59086,"minecraft:horse_one_cm":1239}},"DataVersion":3465}