{"stats":{"minecraft:custom":{"minecraft:sprint_one_cm":49805,"minecraft:damage_taken":701,"minecraft:walk_one_cm":59994,"minecraft:mob_kills":3,"minecraft:damage_dealt":1038,"minecraft:swim_one_cm":1767,"minecraft:interact_with_crafting_table":5,"minecraft:fly_one_cm":84806,"minecraft:crouch_one_cm":886,"minecraft:play_time":30619,"minecraft:deaths":3,"minecraft:sneak_time":921,"minecraft:walk_under_water_one_cm":214,"minecraft:damage_dealt_resisted":20,"minecraft:jump":337,"minecraft:leave_game":2,"minecraft:walk_on_water_one_cm":856,"minecraft:time_since_death":3272,"minecraft:total_world_time":30619,"minecraft:fall_one_cm":35275,"minecraft:time_since_rest":3070},"minecraft:broken":{"minecraft:wooden_pickaxe":2},"minecraft:killed":{"luminousworld:crab":1,"minecraft:sheep":1,"minecraft:enderman":1},"minecraft:used":{"minecraft:wooden_pickaxe":97,"tombstone:grave_key":2,"minecraft:dirt":1,"minecraft:crafting_table":1},"minecraft:picked_up":{"minecraft:birch_log":19,"minecraft:stick":3,"minecraft:crafting_table":1,"luminousworld:clovers_1":2,"ecologics:coconut_slice":4,"minecraft:brown_mushroom":2,"minecraft:grass_block":1,"minecraft:dirt":1,"undead_revamp2:heavytooth":2,"minecraft:rotten_flesh":5,"ecologics:coconut_log":3,"minecraft:birch_sapling":6,"minecraft:mutton":2,"minecraft:ender_pearl":1,"minecraft:white_wool":1,"minecraft:cobblestone":21},"minecraft:mined":{"luminousworld:clovers_1":2,"luminousworld:grassvariant_4":3,"luminousworld:birchtreemushrooms":1,"minecraft:birch_log":19,"minecraft:birch_leaves":12,"minecraft:grass":4,"minecraft:grass_block":1,"luminousworld:grassvariant_3":2,"ecologics:coconut_log":1,"minecraft:stone":17,"luminousworld:decorative_brown_2":1},"minecraft:killed_by":{"enemyexpansion:direwolf":1,"naturalist:snake":1,"minecraft:enderman":1},"minecraft:crafted":{"ecologics:coconut_planks":12,"minecraft:stick":144,"minecraft:wooden_pickaxe":4,"minecraft:birch_planks":72}},"DataVersion":3465}