{"stats":{"minecraft:mined":{"minecraft:grass":1,"luminousworld:clovers_1":2,"luminousworld:grassvariant_4":1,"luminousworld:grassvariant_3":2,"minecraft:birch_log":18,"ecologics:coconut_log":1,"minecraft:stone":1,"minecraft:birch_leaves":2},"minecraft:killed_by":{"naturalist:snake":1},"minecraft:picked_up":{"minecraft:birch_log":18,"minecraft:stick":1,"minecraft:crafting_table":1,"luminousworld:clovers_1":2,"ecologics:coconut_slice":4,"ecologics:coconut_log":3,"minecraft:birch_sapling":6,"minecraft:cobblestone":1},"minecraft:custom":{"minecraft:time_since_rest":5163,"minecraft:crouch_one_cm":445,"minecraft:damage_taken":311,"minecraft:play_time":15706,"minecraft:sprint_one_cm":28622,"minecraft:walk_one_cm":29048,"minecraft:deaths":1,"minecraft:sneak_time":717,"minecraft:walk_under_water_one_cm":214,"minecraft:mob_kills":1,"minecraft:jump":187,"minecraft:damage_dealt":353,"minecraft:leave_game":1,"minecraft:walk_on_water_one_cm":856,"minecraft:time_since_death":5409,"minecraft:total_world_time":15706,"minecraft:swim_one_cm":1767,"minecraft:interact_with_crafting_table":5,"minecraft:fall_one_cm":19539,"minecraft:fly_one_cm":47300},"minecraft:killed":{"luminousworld:crab":1},"minecraft:used":{"minecraft:crafting_table":1,"minecraft:wooden_pickaxe":1,"tombstone:grave_key":1},"minecraft:crafted":{"minecraft:birch_planks":72,"ecologics:coconut_planks":12,"minecraft:stick":144,"minecraft:wooden_pickaxe":4}},"DataVersion":3465}