{"stats":{"minecraft:mined":{"luminousworld:groundpebbles_1":1,"iceandfire:silver_ore":11,"minecraft:mossy_cobblestone":6,"luminousworld:grassvariant_4":1,"minecraft:ladder":2,"minecraft:acacia_log":2,"minecraft:grass_block":33,"iceandfire:pixie_house_oak":1,"luminousworld:clovers_2":1,"minecraft:spawner":3,"minecraft:furnace":1,"undead_revamp2:bostroxore":2,"minecraft:iron_ore":79,"minecraft:fire":1,"minecraft:fletching_table":1,"minecraft:azalea":1,"minecraft:stone":277,"minecraft:acacia_leaves":4,"minecraft:crafting_table":7,"minecraft:melon":9,"minecraft:tall_grass":6,"minecraft:copper_ore":23,"minecraft:cobblestone":2,"minecraft:lapis_ore":3,"minecraft:oak_planks":1,"minecraft:sugar_cane":10,"minecraft:wall_torch":2,"luminousworld:whiteoaklog":11,"minecraft:birch_log":76,"minecraft:birch_leaves":1,"minecraft:grass":4,"minecraft:oak_log":99,"minecraft:coal_ore":199,"minecraft:smooth_quartz":2,"minecraft:dirt":20,"luminousworld:grassvariant_3":1,"minecraft:cobweb":7,"luminousworld:savannah_grass_4":1,"minecraft:gold_ore":1,"minecraft:oak_leaves":17},"minecraft:crafted":{"minecraft:oak_planks":60,"minecraft:furnace":4,"minecraft:bow":1,"minecraft:iron_boots":1,"minecraft:iron_axe":1,"minecraft:stone_pickaxe":4,"minecraft:cooked_beef":7,"fabledweaponry:scimitar_stone":1,"minecraft:crafting_table":3,"minecraft:wooden_pickaxe":1,"minecraft:iron_helmet":1,"fabledweaponry:scimitar_iron":2,"minecraft:stone_axe":2,"minecraft:air":0,"minecraft:iron_chestplate":1,"minecraft:stick":36,"minecraft:iron_ingot":45,"minecraft:iron_pickaxe":1,"minecraft:wooden_axe":1,"minecraft:stone_sword":1,"minecraft:acacia_planks":8,"minecraft:torch":24},"minecraft:used":{"minecraft:stone_sword":28,"fabledweaponry:scimitar_iron":189,"minecraft:iron_shovel":20,"minecraft:shield":5,"minecraft:torch":70,"born_in_chaos_v1:corpse_maggot":1,"minecraft:wooden_axe":68,"minecraft:iron_axe":38,"minecraft:iron_boots":1,"undead_revamp2:huntereye":1,"minecraft:furnace":4,"minecraft:cooked_beef":7,"minecraft:stone_pickaxe":515,"minecraft:wooden_pickaxe":59,"fabledweaponry:scimitar_stone":72,"minecraft:golden_apple":2,"minecraft:crafting_table":9,"minecraft:apple":1,"minecraft:melon_slice":35,"minecraft:bread":5,"minecraft:iron_pickaxe":47,"tombstone:grave_key":2,"minecraft:stone_axe":199,"minecraft:diamond_sword":12,"minecraft:cobblestone":138},"minecraft:picked_up":{"luminousworld:groundpebbles_1":2,"minecraft:crafting_table":6,"iceandfire:witherbone":2,"iceandfire:pixie_house_oak":2,"minecraft:diamond_sword":1,"fabledweaponry:scimitar_stone":1,"minecraft:string":9,"minecraft:item_frame":3,"minecraft:iron_shovel":1,"minecraft:beef":15,"minecraft:rose_bush":1,"minecraft:melon_slice":36,"minecraft:sugar_cane":23,"minecraft:birch_sapling":32,"minecraft:furnace":1,"iceandfire:pixie_dust":2,"minecraft:stick":18,"minecraft:raw_iron":7,"minecraft:acacia_log":2,"minecraft:torch":3,"tombstone:grave_dust":11,"tombstone:lollipop":2,"minecraft:arrow":2,"minecraft:rotten_flesh":33,"minecraft:glow_berries":1,"minecraft:cobblestone":344,"minecraft:birch_log":75,"born_in_chaos_v1:corpse_maggot":2,"minecraft:leather":5,"alexsmobs:acacia_blossom":1,"minecraft:oak_log":79,"undead_revamp2:huntereye":1,"minecraft:dirt":32,"tombstone:gift":1,"minecraft:bone":9,"minecraft:apple":2,"minecraft:bow":1,"minecraft:wheat_seeds":1,"minecraft:raw_gold":1,"minecraft:iron_ingot":61,"minecraft:fletching_table":1,"minecraft:oak_planks":1,"minecraft:acacia_sapling":2,"minecraft:mossy_cobblestone":3,"luminousworld:whiteoaklog":10,"undead_revamp2:rawbostrox":3,"minecraft:golden_apple":1,"minecraft:emerald":2,"tombstone:magic_scroll":2,"minecraft:oak_sapling":21,"minecraft:coal":55},"minecraft:dropped":{"minecraft:iron_ingot":28,"minecraft:mossy_cobblestone":3,"minecraft:cobblestone":99,"minecraft:glow_berries":1,"iceandfire:pixie_house_oak":2,"minecraft:coal":1,"minecraft:item_frame":3,"minecraft:dirt":32,"minecraft:rose_bush":1,"tombstone:grave_dust":10,"tombstone:lollipop":2,"minecraft:furnace":1,"alexsmobs:acacia_blossom":1,"alexsmobs:animal_dictionary":1,"minecraft:birch_sapling":32,"tombstone:gift":1,"minecraft:rotten_flesh":33,"minecraft:oak_planks":1,"fabledweaponry:scimitar_stone":2,"luminousworld:groundpebbles_1":2,"born_in_chaos_v1:corpse_maggot":1,"minecraft:oak_sapling":21,"minecraft:acacia_sapling":2,"iceandfire:pixie_dust":2,"minecraft:bow":1,"minecraft:stone_pickaxe":1},"minecraft:killed_by":{"minecraft:husk":1,"minecraft:zombie":1,"iceandfire:fire_dragon":1},"minecraft:custom":{"minecraft:interact_with_smithing_table":1,"minecraft:mob_kills":32,"minecraft:interact_with_crafting_table":33,"minecraft:open_barrel":10,"minecraft:damage_dealt_resisted":414,"minecraft:leave_game":1,"minecraft:time_since_death":5441,"minecraft:climb_one_cm":3073,"minecraft:sprint_one_cm":365274,"minecraft:walk_one_cm":467380,"minecraft:damage_blocked_by_shield":190,"minecraft:drop":42,"minecraft:play_time":106149,"minecraft:deaths":6,"minecraft:sneak_time":560,"minecraft:walk_under_water_one_cm":10406,"minecraft:jump":2115,"minecraft:interact_with_brewingstand":1,"minecraft:walk_on_water_one_cm":18512,"minecraft:total_world_time":106149,"minecraft:interact_with_furnace":38,"minecraft:tune_noteblock":2,"minecraft:interact_with_cartography_table":1,"minecraft:sleep_in_bed":2,"minecraft:time_since_rest":5271,"minecraft:damage_taken":2919,"minecraft:damage_absorbed":80,"minecraft:damage_dealt":9804,"minecraft:swim_one_cm":58425,"minecraft:fly_one_cm":337080,"minecraft:open_chest":12,"minecraft:crouch_one_cm":3410,"tombstone:undead_killed":22,"minecraft:fall_one_cm":50420},"minecraft:broken":{"minecraft:wooden_pickaxe":1,"minecraft:stone_pickaxe":3,"minecraft:stone_axe":2,"minecraft:wooden_axe":1},"minecraft:killed":{"born_in_chaos_v1:mr_pumpkin":1,"undead_revamp2:thehunter":1,"minecraft:skeleton":6,"friendsandfoes:glare":2,"alexsmobs:bison":1,"undead_revamp2:sucker":1,"minecraft:husk":3,"earthmobsmod:bouldering_zombie":1,"born_in_chaos_v1:baby_skeleton":1,"enemyexpansion:sprinter":1,"minecraft:zombie":4,"alexsmobs:crow":1,"iceandfire:pixie":1,"luminousworld:dark_oak_zombie":1,"minecraft:wither_skeleton":3,"minecraft:cow":4}},"DataVersion":3465}