{"stats":{"minecraft:mined":{"luminousworld:groundpebbles_1":1,"minecraft:acacia_leaves":4,"iceandfire:silver_ore":9,"minecraft:mossy_cobblestone":6,"minecraft:crafting_table":5,"minecraft:acacia_log":2,"minecraft:grass_block":19,"minecraft:melon":9,"iceandfire:pixie_house_oak":1,"minecraft:copper_ore":23,"minecraft:lapis_ore":3,"minecraft:wall_torch":1,"luminousworld:whiteoaklog":11,"minecraft:birch_log":76,"minecraft:iron_ore":53,"minecraft:birch_leaves":1,"minecraft:grass":1,"minecraft:oak_log":67,"minecraft:coal_ore":147,"minecraft:dirt":11,"minecraft:cobweb":4,"minecraft:azalea":1,"minecraft:stone":277,"luminousworld:savannah_grass_4":1,"minecraft:gold_ore":1,"minecraft:oak_leaves":15},"minecraft:killed_by":{"minecraft:zombie":1},"minecraft:custom":{"minecraft:interact_with_furnace":22,"minecraft:mob_kills":11,"minecraft:interact_with_crafting_table":20,"minecraft:time_since_death":24667,"minecraft:climb_one_cm":83,"minecraft:time_since_rest":24492,"minecraft:sprint_one_cm":111410,"minecraft:damage_taken":827,"minecraft:walk_one_cm":169377,"minecraft:drop":21,"minecraft:damage_dealt":2860,"minecraft:swim_one_cm":6453,"minecraft:fly_one_cm":98394,"minecraft:crouch_one_cm":732,"minecraft:play_time":52827,"tombstone:undead_killed":7,"minecraft:deaths":2,"minecraft:sneak_time":144,"minecraft:walk_under_water_one_cm":8341,"minecraft:jump":909,"minecraft:walk_on_water_one_cm":8403,"minecraft:total_world_time":52827,"minecraft:fall_one_cm":17790},"minecraft:used":{"minecraft:stone_sword":28,"fabledweaponry:scimitar_iron":7,"minecraft:stone_pickaxe":465,"minecraft:wooden_pickaxe":59,"fabledweaponry:scimitar_stone":72,"minecraft:torch":11,"minecraft:crafting_table":6,"minecraft:wooden_axe":68,"minecraft:apple":1,"minecraft:melon_slice":12,"minecraft:iron_pickaxe":1,"minecraft:iron_boots":1,"minecraft:stone_axe":148,"minecraft:cobblestone":67,"minecraft:furnace":2},"minecraft:broken":{"minecraft:stone_pickaxe":3,"minecraft:stone_axe":1,"minecraft:wooden_axe":1,"minecraft:wooden_pickaxe":1},"minecraft:dropped":{"alexsmobs:acacia_blossom":1,"minecraft:birch_sapling":16,"minecraft:cobblestone":31,"minecraft:glow_berries":1,"minecraft:rotten_flesh":5,"iceandfire:pixie_house_oak":2,"minecraft:dirt":29,"luminousworld:groundpebbles_1":2,"minecraft:acacia_sapling":2,"minecraft:oak_sapling":21,"tombstone:lollipop":2},"minecraft:killed":{"born_in_chaos_v1:mr_pumpkin":1,"earthmobsmod:bouldering_zombie":1,"born_in_chaos_v1:baby_skeleton":1,"friendsandfoes:glare":2,"minecraft:zombie":4,"alexsmobs:crow":1,"undead_revamp2:sucker":1},"minecraft:crafted":{"minecraft:oak_planks":60,"fabledweaponry:scimitar_stone":1,"minecraft:crafting_table":2,"minecraft:iron_helmet":1,"minecraft:wooden_pickaxe":1,"minecraft:furnace":2,"fabledweaponry:scimitar_iron":1,"minecraft:stone_axe":2,"minecraft:air":0,"minecraft:iron_chestplate":1,"minecraft:iron_boots":1,"minecraft:stick":8,"minecraft:iron_pickaxe":1,"minecraft:iron_ingot":45,"minecraft:stone_pickaxe":4,"minecraft:wooden_axe":1,"minecraft:stone_sword":1,"minecraft:acacia_planks":8,"minecraft:torch":24},"minecraft:picked_up":{"minecraft:birch_log":75,"luminousworld:groundpebbles_1":2,"minecraft:crafting_table":5,"iceandfire:pixie_house_oak":2,"alexsmobs:acacia_blossom":1,"minecraft:oak_log":48,"minecraft:dirt":29,"minecraft:string":5,"minecraft:bone":1,"minecraft:apple":2,"minecraft:raw_gold":1,"minecraft:iron_ingot":33,"minecraft:melon_slice":36,"minecraft:birch_sapling":32,"minecraft:acacia_sapling":2,"minecraft:stick":18,"minecraft:raw_iron":7,"minecraft:torch":1,"minecraft:acacia_log":2,"tombstone:grave_dust":6,"minecraft:mossy_cobblestone":3,"luminousworld:whiteoaklog":10,"tombstone:lollipop":2,"minecraft:rotten_flesh":12,"minecraft:oak_sapling":21,"minecraft:glow_berries":1,"minecraft:cobblestone":300}},"DataVersion":3465}