{"stats":{"minecraft:mined":{"luminousworld:groundpebbles_1":1,"minecraft:acacia_leaves":4,"iceandfire:silver_ore":11,"minecraft:mossy_cobblestone":6,"minecraft:crafting_table":6,"minecraft:ladder":2,"minecraft:acacia_log":2,"minecraft:grass_block":19,"minecraft:melon":9,"iceandfire:pixie_house_oak":1,"minecraft:tall_grass":2,"minecraft:copper_ore":23,"minecraft:lapis_ore":3,"minecraft:wall_torch":1,"luminousworld:whiteoaklog":11,"undead_revamp2:bostroxore":2,"minecraft:birch_log":76,"minecraft:iron_ore":71,"minecraft:birch_leaves":1,"minecraft:grass":2,"minecraft:oak_log":67,"minecraft:coal_ore":176,"minecraft:dirt":11,"minecraft:cobweb":4,"minecraft:azalea":1,"minecraft:stone":277,"luminousworld:savannah_grass_4":1,"minecraft:gold_ore":1,"minecraft:oak_leaves":17},"minecraft:killed_by":{"minecraft:husk":1,"minecraft:zombie":1},"minecraft:custom":{"minecraft:interact_with_furnace":22,"minecraft:mob_kills":19,"minecraft:interact_with_crafting_table":21,"minecraft:open_barrel":10,"minecraft:damage_dealt_resisted":59,"minecraft:time_since_death":2813,"minecraft:sleep_in_bed":1,"minecraft:climb_one_cm":2091,"minecraft:time_since_rest":2611,"minecraft:sprint_one_cm":178907,"minecraft:damage_absorbed":40,"minecraft:damage_taken":1974,"minecraft:walk_one_cm":277593,"minecraft:damage_blocked_by_shield":95,"minecraft:drop":30,"minecraft:damage_dealt":6184,"minecraft:swim_one_cm":15900,"minecraft:fly_one_cm":152636,"minecraft:open_chest":3,"minecraft:crouch_one_cm":732,"minecraft:play_time":76827,"tombstone:undead_killed":14,"minecraft:deaths":5,"minecraft:sneak_time":144,"minecraft:walk_under_water_one_cm":8607,"minecraft:interact_with_brewingstand":1,"minecraft:jump":1240,"minecraft:walk_on_water_one_cm":9853,"minecraft:total_world_time":76827,"minecraft:fall_one_cm":25177},"minecraft:used":{"minecraft:stone_sword":28,"fabledweaponry:scimitar_iron":66,"minecraft:stone_pickaxe":490,"minecraft:shield":2,"minecraft:wooden_pickaxe":59,"minecraft:golden_apple":1,"fabledweaponry:scimitar_stone":72,"minecraft:torch":36,"minecraft:crafting_table":7,"born_in_chaos_v1:corpse_maggot":1,"minecraft:wooden_axe":68,"minecraft:apple":1,"minecraft:bread":3,"minecraft:melon_slice":25,"minecraft:iron_pickaxe":30,"tombstone:grave_key":1,"minecraft:iron_boots":1,"undead_revamp2:huntereye":1,"minecraft:stone_axe":199,"minecraft:cobblestone":68,"minecraft:furnace":2},"minecraft:broken":{"minecraft:stone_pickaxe":3,"minecraft:stone_axe":2,"minecraft:wooden_axe":1,"minecraft:wooden_pickaxe":1},"minecraft:dropped":{"alexsmobs:acacia_blossom":1,"alexsmobs:animal_dictionary":1,"minecraft:mossy_cobblestone":3,"minecraft:birch_sapling":32,"tombstone:gift":1,"minecraft:cobblestone":63,"minecraft:glow_berries":1,"minecraft:rotten_flesh":33,"iceandfire:pixie_house_oak":2,"fabledweaponry:scimitar_stone":2,"minecraft:dirt":29,"luminousworld:groundpebbles_1":2,"minecraft:rose_bush":1,"minecraft:acacia_sapling":2,"minecraft:oak_sapling":21,"tombstone:lollipop":2},"minecraft:killed":{"minecraft:husk":3,"born_in_chaos_v1:mr_pumpkin":1,"earthmobsmod:bouldering_zombie":1,"undead_revamp2:thehunter":1,"born_in_chaos_v1:baby_skeleton":1,"minecraft:skeleton":3,"friendsandfoes:glare":2,"minecraft:zombie":4,"alexsmobs:crow":1,"undead_revamp2:sucker":1,"minecraft:cow":1},"minecraft:crafted":{"minecraft:oak_planks":60,"fabledweaponry:scimitar_stone":1,"minecraft:crafting_table":2,"minecraft:iron_helmet":1,"minecraft:wooden_pickaxe":1,"minecraft:furnace":2,"fabledweaponry:scimitar_iron":2,"minecraft:stone_axe":2,"minecraft:air":0,"minecraft:iron_chestplate":1,"minecraft:iron_boots":1,"minecraft:stick":8,"minecraft:iron_pickaxe":1,"minecraft:iron_ingot":45,"minecraft:stone_pickaxe":4,"minecraft:wooden_axe":1,"minecraft:stone_sword":1,"minecraft:acacia_planks":8,"minecraft:torch":24},"minecraft:picked_up":{"minecraft:birch_log":75,"born_in_chaos_v1:corpse_maggot":2,"luminousworld:groundpebbles_1":2,"minecraft:crafting_table":5,"iceandfire:pixie_house_oak":2,"minecraft:leather":2,"alexsmobs:acacia_blossom":1,"fabledweaponry:scimitar_stone":1,"minecraft:oak_log":48,"undead_revamp2:huntereye":1,"minecraft:dirt":29,"minecraft:string":5,"tombstone:gift":1,"minecraft:bone":1,"minecraft:apple":2,"minecraft:raw_gold":1,"minecraft:beef":3,"minecraft:iron_ingot":33,"minecraft:rose_bush":1,"minecraft:melon_slice":36,"minecraft:birch_sapling":32,"minecraft:acacia_sapling":2,"minecraft:stick":18,"minecraft:raw_iron":7,"minecraft:torch":1,"minecraft:acacia_log":2,"tombstone:grave_dust":10,"minecraft:mossy_cobblestone":3,"luminousworld:whiteoaklog":10,"tombstone:lollipop":2,"undead_revamp2:rawbostrox":3,"minecraft:rotten_flesh":33,"minecraft:golden_apple":1,"minecraft:oak_sapling":21,"minecraft:glow_berries":1,"minecraft:coal":15,"minecraft:cobblestone":306}},"DataVersion":3465}