{"stats":{"minecraft:crafted":{"minecraft:acacia_planks":32},"minecraft:used":{"minecraft:apple":4,"minecraft:item_frame":2,"alexsmobs:animal_dictionary":1},"minecraft:mined":{"minecraft:hay_block":18,"luminousworld:groundpebbles_1":5,"minecraft:dark_oak_fence_gate":1,"minecraft:pumpkin":1,"minecraft:grass":5,"minecraft:acacia_log":9,"minecraft:oak_log":5,"minecraft:melon":1,"minecraft:chest":1,"luminousworld:grassvariant_3":1,"minecraft:tall_grass":1,"luminousworld:groundpebbles_2":2,"minecraft:stripped_mangrove_wood":4,"luminousworld:elephant_grass":1,"luminousworld:savannah_grass_4":9,"luminousworld:groundpebbles_3":1},"minecraft:picked_up":{"luminousworld:groundpebbles_1":7,"minecraft:stripped_mangrove_wood":4,"minecraft:pumpkin":1,"minecraft:acacia_log":8,"minecraft:oak_log":5,"tombstone:grave_dust":1,"minecraft:carrot":1,"minecraft:dark_oak_fence_gate":1,"minecraft:item_frame":1,"minecraft:bone":2,"minecraft:honey_bottle":1,"minecraft:beetroot":1,"minecraft:wheat_seeds":1,"minecraft:hay_block":18,"luminousworld:elephant_grass":1,"minecraft:melon_slice":6,"minecraft:chest":1,"minecraft:white_wool":1},"minecraft:killed":{"minecraft:sheep":1,"minecraft:skeleton":1},"minecraft:custom":{"minecraft:time_since_rest":15550,"minecraft:sprint_one_cm":43721,"minecraft:damage_taken":305,"minecraft:walk_one_cm":61961,"minecraft:mob_kills":3,"minecraft:damage_dealt":717,"minecraft:swim_one_cm":6300,"minecraft:tune_noteblock":1,"minecraft:fly_one_cm":28547,"minecraft:open_barrel":7,"minecraft:open_chest":2,"minecraft:crouch_one_cm":55,"minecraft:play_time":15550,"tombstone:undead_killed":1,"minecraft:sneak_time":12,"minecraft:walk_under_water_one_cm":400,"minecraft:damage_dealt_resisted":6,"minecraft:interact_with_brewingstand":1,"minecraft:jump":129,"minecraft:eat_cake_slice":14,"minecraft:interact_with_blast_furnace":1,"minecraft:walk_on_water_one_cm":5053,"minecraft:time_since_death":15550,"minecraft:total_world_time":15550,"minecraft:fall_one_cm":2073}},"DataVersion":3465}