{"stats":{"minecraft:broken":{"minecraft:stone_pickaxe":2,"minecraft:stone_axe":2,"minecraft:iron_pickaxe":1},"minecraft:custom":{"minecraft:mob_kills":17,"minecraft:animals_bred":1,"minecraft:interact_with_crafting_table":31,"minecraft:open_barrel":7,"minecraft:damage_dealt_resisted":6,"minecraft:eat_cake_slice":23,"minecraft:leave_game":2,"minecraft:time_since_death":324,"minecraft:climb_one_cm":1108,"minecraft:sprint_one_cm":273464,"minecraft:walk_one_cm":485588,"minecraft:drop":112,"minecraft:talked_to_villager":1,"minecraft:play_time":134962,"minecraft:sneak_time":3238,"minecraft:deaths":4,"minecraft:walk_under_water_one_cm":919,"minecraft:interact_with_brewingstand":1,"minecraft:jump":1549,"minecraft:interact_with_blast_furnace":3,"minecraft:walk_on_water_one_cm":5898,"minecraft:total_world_time":134962,"minecraft:interact_with_furnace":30,"minecraft:tune_noteblock":1,"minecraft:sleep_in_bed":2,"minecraft:time_since_rest":246,"minecraft:damage_taken":3198,"minecraft:damage_dealt":4180,"minecraft:swim_one_cm":6300,"minecraft:fly_one_cm":252616,"minecraft:open_chest":36,"minecraft:crouch_one_cm":10126,"tombstone:undead_killed":10,"minecraft:interact_with_smoker":4,"minecraft:fall_one_cm":32633},"minecraft:used":{"minecraft:oak_fence":36,"minecraft:stone_sword":103,"minecraft:stone_shovel":105,"minecraft:ladder":9,"minecraft:oak_door":9,"minecraft:torch":30,"minecraft:dirt":110,"minecraft:oak_fence_gate":2,"minecraft:honey_bottle":2,"minecraft:oak_stairs":6,"minecraft:item_frame":2,"minecraft:furnace":2,"tombstone:gift":1,"minecraft:cooked_beef":2,"minecraft:stone_pickaxe":271,"minecraft:oak_planks":215,"minecraft:wooden_pickaxe":24,"artifacts:eternal_steak":16,"minecraft:crafting_table":3,"minecraft:mushroom_stew":2,"minecraft:white_bed":4,"minecraft:black_bed":1,"minecraft:cake":3,"minecraft:oak_log":8,"minecraft:apple":6,"minecraft:iron_pickaxe":314,"minecraft:oak_pressure_plate":2,"minecraft:stone_axe":324,"minecraft:cobblestone":65,"minecraft:cooked_porkchop":1,"minecraft:pumpkin_pie":1,"quark:oak_chest":2,"alexsmobs:animal_dictionary":1},"minecraft:dropped":{"minecraft:bread":10,"minecraft:stripped_mangrove_wood":8,"minecraft:wheat_seeds":65,"minecraft:cooked_beef":4,"luminousworld:white_oak_sapling":1,"minecraft:cooked_porkchop":18,"minecraft:cobblestone":2,"minecraft:dirt":36,"quark:clear_shard":8,"tombstone:grave_dust":1,"minecraft:potion":3,"minecraft:pumpkin":1,"minecraft:paper":9,"minecraft:white_wool":4,"minecraft:bone":2,"minecraft:armor_stand":2,"minecraft:bowl":3,"undead_revamp2:arapholia":1,"minecraft:rotten_flesh":1,"luminousworld:tall_deadbush":1,"minecraft:oak_planks":75,"minecraft:dark_oak_fence_gate":1,"minecraft:chainmail_chestplate":1,"luminousworld:groundpebbles_1":7,"artifacts:steadfast_spikes":1,"minecraft:oak_sapling":10,"minecraft:chest":1,"luminousworld:elephant_grass":1,"minecraft:wooden_pickaxe":2,"iceandfire:manuscript":29},"minecraft:killed":{"undead_revamp2:thehunter":1,"enemyexpansion:direwolf":1,"minecraft:skeleton":2,"undead_revamp2:sucker":2,"luminousworld:savannah_zombie":1,"earthmobsmod:albino_cow":1,"undead_revamp2:thebeartamer":1,"minecraft:sheep":2,"minecraft:zombie":2,"undead_revamp2:theskeeper":1,"minecraft:cow":1},"minecraft:mined":{"undead_revamp2:arapholia":2,"luminousworld:groundpebbles_1":5,"minecraft:white_bed":3,"iceandfire:silver_ore":9,"luminousworld:grassvariant_4":1,"minecraft:oak_door":6,"minecraft:ladder":1,"minecraft:acacia_log":9,"minecraft:grass_block":84,"luminousworld:grassvariant_2":34,"luminousworld:groundpebbles_3":1,"minecraft:hay_block":20,"minecraft:iron_ore":39,"minecraft:fire":1,"minecraft:dark_oak_fence_gate":1,"minecraft:pumpkin":1,"luminousworld:groundpebbles_2":2,"ecologics:walnut_log":5,"minecraft:stone":383,"minecraft:stripped_mangrove_wood":4,"minecraft:white_wool":5,"minecraft:cake":1,"luminousworld:savannah_soil":3,"minecraft:acacia_leaves":3,"luminousworld:tall_deadbush":1,"minecraft:melon_stem":1,"minecraft:oak_fence":2,"minecraft:crafting_table":1,"minecraft:torch":7,"minecraft:melon":1,"minecraft:chest":1,"luminousworld:auburnlog":7,"minecraft:cobblestone":4,"minecraft:copper_ore":32,"minecraft:glass":4,"minecraft:tall_grass":4,"minecraft:lapis_ore":5,"minecraft:oak_planks":32,"minecraft:diorite":1,"minecraft:wall_torch":4,"supplementaries:urn":1,"luminousworld:whiteoaklog":11,"minecraft:birch_log":18,"minecraft:wheat":53,"minecraft:black_bed":1,"minecraft:grass":78,"minecraft:oak_log":141,"minecraft:coal_ore":89,"minecraft:acacia_fence":1,"minecraft:gravel":3,"minecraft:dirt":84,"luminousworld:grassvariant_3":8,"minecraft:cobweb":4,"luminousworld:savannah_grass_4":9,"luminousworld:elephant_grass":2,"minecraft:oak_leaves":8,"luminousworld:savannah_ground":2},"minecraft:killed_by":{"undead_revamp2:thesomnolence":2,"undead_revamp2:thehorrors":1,"undead_revamp2:thehunter":1},"minecraft:crafted":{"artifacts:eternal_steak":1,"minecraft:oak_door":3,"minecraft:oak_planks":532,"minecraft:stone_shovel":1,"minecraft:oak_pressure_plate":2,"minecraft:furnace":2,"minecraft:cooked_mutton":2,"minecraft:ladder":8,"minecraft:stone_pickaxe":2,"minecraft:oak_fence":39,"minecraft:cooked_beef":7,"minecraft:oak_slab":6,"minecraft:cooked_porkchop":8,"minecraft:crafting_table":2,"minecraft:wooden_pickaxe":1,"minecraft:stone_axe":3,"minecraft:air":0,"minecraft:oak_fence_gate":2,"minecraft:stick":72,"quark:oak_chest":2,"minecraft:iron_ingot":6,"minecraft:iron_pickaxe":2,"minecraft:oak_stairs":12,"minecraft:stone_sword":1,"minecraft:white_bed":1,"minecraft:acacia_planks":32,"minecraft:torch":32},"minecraft:picked_up":{"minecraft:crafting_table":1,"luminousworld:groundpebbles_1":7,"minecraft:iron_chestplate":1,"minecraft:wheat":45,"minecraft:chainmail_boots":1,"minecraft:ladder":1,"minecraft:wooden_pickaxe":1,"minecraft:potion":2,"iceandfire:manuscript":29,"minecraft:string":6,"minecraft:item_frame":1,"minecraft:armor_stand":2,"minecraft:beetroot":1,"ecologics:walnut_sapling":2,"supplementaries:bomb":3,"iceandfire:bestiary":1,"minecraft:beef":5,"minecraft:melon_slice":6,"minecraft:birch_sapling":2,"minecraft:chest":1,"minecraft:stick":47,"minecraft:raw_iron":6,"minecraft:stripped_mangrove_wood":8,"minecraft:oak_door":6,"ecologics:walnut_log":5,"minecraft:oak_fence":2,"minecraft:torch":11,"minecraft:bowl":1,"minecraft:acacia_log":8,"minecraft:porkchop":2,"tombstone:grave_dust":1,"minecraft:diorite":1,"minecraft:carrot":1,"tombstone:lollipop":1,"luminousworld:white_oak_sapling":1,"minecraft:arrow":2,"luminousworld:grassflowers":1,"minecraft:honey_bottle":1,"quark:clear_shard":9,"minecraft:rotten_flesh":8,"minecraft:hay_block":20,"luminousworld:tall_deadbush":1,"minecraft:mutton":2,"undead_revamp2:arapholia":2,"minecraft:white_wool":7,"minecraft:cobblestone":454,"minecraft:birch_log":18,"ecologics:walnut":5,"minecraft:cooked_beef":4,"minecraft:black_bed":1,"minecraft:leather":3,"minecraft:oak_log":145,"minecraft:chainmail_chestplate":1,"minecraft:lapis_lazuli":7,"minecraft:paper":6,"minecraft:dirt":160,"born_in_chaos_v1:marigolds":1,"minecraft:bone":9,"minecraft:apple":4,"minecraft:wheat_seeds":205,"minecraft:iron_ingot":1,"luminousworld:elephant_grass":1,"artifacts:steadfast_spikes":1,"minecraft:oak_planks":72,"minecraft:cooked_porkchop":20,"minecraft:pumpkin":1,"minecraft:gravel":3,"minecraft:white_bed":3,"minecraft:dark_oak_fence_gate":1,"luminousworld:whiteoaklog":11,"minecraft:chainmail_leggings":1,"minecraft:bread":5,"minecraft:chainmail_helmet":1,"tombstone:magic_scroll":1,"minecraft:oak_sapling":25,"minecraft:coal":30}},"DataVersion":3465}