{"stats":{"minecraft:broken":{"minecraft:iron_shovel":1,"minecraft:stone_pickaxe":2,"minecraft:iron_axe":1,"minecraft:stone_axe":3,"minecraft:iron_pickaxe":3,"minecraft:stone_shovel":1},"minecraft:custom":{"minecraft:mob_kills":41,"minecraft:animals_bred":5,"minecraft:interact_with_crafting_table":55,"minecraft:open_barrel":16,"minecraft:damage_dealt_resisted":6,"minecraft:eat_cake_slice":23,"minecraft:leave_game":2,"minecraft:time_since_death":104979,"minecraft:climb_one_cm":3436,"minecraft:sprint_one_cm":542043,"minecraft:walk_one_cm":941306,"minecraft:damage_blocked_by_shield":210,"minecraft:drop":128,"minecraft:talked_to_villager":1,"minecraft:play_time":254962,"minecraft:sneak_time":9833,"minecraft:deaths":5,"minecraft:walk_under_water_one_cm":919,"minecraft:interact_with_brewingstand":1,"minecraft:jump":3075,"minecraft:interact_with_blast_furnace":3,"minecraft:walk_on_water_one_cm":5898,"minecraft:total_world_time":254962,"minecraft:interact_with_furnace":53,"minecraft:tune_noteblock":1,"minecraft:sleep_in_bed":6,"minecraft:time_since_rest":33643,"minecraft:damage_taken":5692,"minecraft:damage_dealt":9938,"minecraft:player_kills":1,"minecraft:swim_one_cm":6300,"minecraft:fly_one_cm":466027,"minecraft:open_chest":80,"minecraft:crouch_one_cm":33021,"tombstone:undead_killed":23,"minecraft:interact_with_smoker":4,"minecraft:fall_one_cm":68502},"minecraft:used":{"minecraft:oak_fence":86,"minecraft:stone_sword":103,"minecraft:iron_shovel":428,"minecraft:stone_shovel":148,"minecraft:ladder":9,"minecraft:shield":10,"minecraft:iron_sword":154,"minecraft:oak_door":12,"minecraft:torch":90,"minecraft:dirt":176,"minecraft:tuff":16,"minecraft:oak_fence_gate":2,"minecraft:honey_bottle":2,"luminousworld:white_oak_sapling":9,"minecraft:iron_axe":435,"minecraft:oak_stairs":18,"minecraft:item_frame":2,"minecraft:oak_sapling":58,"minecraft:furnace":2,"tombstone:gift":3,"minecraft:cooked_beef":3,"minecraft:stone_pickaxe":271,"minecraft:oak_planks":536,"minecraft:wooden_pickaxe":24,"luminousworld:white_oak_plank":219,"artifacts:eternal_steak":43,"minecraft:crafting_table":3,"minecraft:mushroom_stew":2,"minecraft:white_bed":4,"minecraft:black_bed":1,"minecraft:cake":3,"minecraft:oak_log":101,"minecraft:apple":6,"minecraft:iron_pickaxe":749,"tombstone:magic_scroll":3,"minecraft:oak_pressure_plate":6,"minecraft:stone_axe":339,"minecraft:cobblestone":142,"minecraft:cooked_porkchop":1,"minecraft:andesite":6,"minecraft:pumpkin_pie":1,"quark:oak_chest":19,"alexsmobs:animal_dictionary":1},"minecraft:dropped":{"minecraft:bread":10,"minecraft:stripped_mangrove_wood":8,"minecraft:wheat_seeds":66,"minecraft:cooked_beef":8,"luminousworld:ishstone":2,"luminousworld:white_oak_sapling":1,"minecraft:cooked_porkchop":18,"minecraft:oak_fence":5,"minecraft:cobblestone":9,"minecraft:chainmail_helmet":1,"minecraft:dirt":36,"quark:clear_shard":8,"minecraft:torch":56,"tombstone:grave_dust":1,"minecraft:potion":3,"minecraft:pumpkin":1,"minecraft:paper":9,"minecraft:white_wool":4,"minecraft:bone":2,"minecraft:armor_stand":2,"minecraft:gravel":2,"minecraft:bowl":3,"undead_revamp2:arapholia":4,"minecraft:rotten_flesh":2,"luminousworld:tall_deadbush":1,"minecraft:oak_planks":75,"minecraft:dark_oak_fence_gate":1,"minecraft:chainmail_chestplate":1,"luminousworld:groundpebbles_1":7,"artifacts:steadfast_spikes":1,"minecraft:chainmail_boots":2,"minecraft:oak_sapling":10,"minecraft:chest":1,"minecraft:barrel":1,"luminousworld:elephant_grass":1,"minecraft:wooden_pickaxe":2,"iceandfire:manuscript":29},"minecraft:killed":{"undead_revamp2:thehunter":1,"minecraft:spider":2,"enemyexpansion:direwolf":1,"born_in_chaos_v1:maggot":3,"minecraft:skeleton":2,"undead_revamp2:sucker":7,"luminousworld:savannah_zombie":1,"earthmobsmod:albino_cow":3,"born_in_chaos_v1:barrel_zombie":2,"naturalist:snake":1,"undead_revamp2:the_moonflower":2,"enemyexpansion:sprinter":1,"undead_revamp2:thebeartamer":2,"minecraft:sheep":2,"naturalist:finch":1,"minecraft:zombie":4,"undead_revamp2:theskeeper":1,"minecraft:cow":1},"minecraft:mined":{"undead_revamp2:arapholia":2,"luminousworld:groundpebbles_1":5,"minecraft:tuff":67,"minecraft:white_bed":3,"iceandfire:silver_ore":10,"minecraft:deepslate_diamond_ore":2,"luminousworld:grassvariant_4":4,"minecraft:oak_door":9,"minecraft:sculk_vein":9,"minecraft:ladder":1,"minecraft:acacia_log":9,"minecraft:grass_block":506,"iceandfire:deepslate_silver_ore":4,"luminousworld:grassvariant_2":43,"minecraft:oak_pressure_plate":2,"luminousworld:white_oak_plank":3,"luminousworld:groundpebbles_3":2,"minecraft:hay_block":20,"luminousworld:yellow_grassflowers":3,"minecraft:sculk_catalyst":1,"minecraft:iron_ore":48,"minecraft:fire":2,"minecraft:andesite":6,"minecraft:dark_oak_fence_gate":1,"minecraft:pumpkin":1,"minecraft:deepslate_lapis_ore":4,"minecraft:deepslate_iron_ore":49,"luminousworld:groundpebbles_2":2,"ecologics:walnut_log":5,"minecraft:stone":397,"minecraft:stripped_mangrove_wood":4,"minecraft:white_wool":5,"minecraft:cake":1,"minecraft:deepslate_redstone_ore":6,"luminousworld:savannah_soil":3,"minecraft:acacia_leaves":3,"born_in_chaos_v1:marigolds":1,"quark:oak_chest":1,"luminousworld:tall_deadbush":1,"minecraft:melon_stem":1,"minecraft:oak_fence":9,"minecraft:crafting_table":1,"minecraft:torch":9,"minecraft:melon":1,"minecraft:chest":1,"minecraft:sculk_sensor":2,"luminousworld:auburnlog":7,"luminousworld:grassflowers":3,"minecraft:cobblestone":15,"minecraft:copper_ore":46,"minecraft:glass":4,"minecraft:tall_grass":6,"minecraft:deepslate_gold_ore":1,"minecraft:lapis_ore":5,"minecraft:oak_planks":127,"minecraft:sculk":225,"minecraft:diorite":1,"minecraft:wall_torch":8,"minecraft:deepslate_copper_ore":2,"supplementaries:urn":2,"luminousworld:whiteoaklog":57,"minecraft:birch_log":41,"minecraft:wheat":53,"born_in_chaos_v1:river_mint":1,"minecraft:black_bed":1,"minecraft:grass":128,"minecraft:oak_log":311,"minecraft:coal_ore":89,"luminousworld:ishstone":1,"minecraft:acacia_fence":1,"minecraft:gravel":3,"minecraft:dirt":94,"luminousworld:grassvariant_3":26,"minecraft:cobweb":4,"luminousworld:savannah_grass_4":9,"luminousworld:elephant_grass":2,"minecraft:oak_leaves":20,"minecraft:deepslate":5,"luminousworld:savannah_ground":2},"minecraft:killed_by":{"undead_revamp2:thesomnolence":2,"enemyexpansion:huntsman":1,"undead_revamp2:thehorrors":1,"undead_revamp2:thehunter":1},"minecraft:crafted":{"artifacts:eternal_steak":1,"minecraft:oak_door":3,"minecraft:oak_planks":784,"minecraft:stone_shovel":1,"minecraft:oak_pressure_plate":2,"minecraft:furnace":2,"minecraft:stone":16,"minecraft:cooked_mutton":6,"minecraft:iron_boots":1,"luminousworld:white_oak_plank":216,"minecraft:iron_axe":3,"minecraft:ladder":8,"minecraft:stone_pickaxe":2,"minecraft:oak_fence":87,"minecraft:cooked_beef":7,"minecraft:oak_slab":6,"minecraft:cooked_porkchop":8,"minecraft:crafting_table":2,"minecraft:wooden_pickaxe":1,"minecraft:iron_sword":1,"minecraft:stone_axe":3,"minecraft:air":0,"minecraft:oak_fence_gate":2,"minecraft:shield":1,"minecraft:stick":72,"quark:oak_chest":18,"minecraft:iron_ingot":29,"minecraft:iron_pickaxe":5,"minecraft:oak_stairs":24,"minecraft:stone_sword":1,"minecraft:iron_shovel":2,"minecraft:white_bed":1,"minecraft:acacia_planks":32,"minecraft:torch":140},"minecraft:picked_up":{"minecraft:crafting_table":1,"luminousworld:groundpebbles_1":10,"minecraft:iron_chestplate":1,"minecraft:wheat":45,"minecraft:chainmail_boots":4,"minecraft:clay_ball":4,"minecraft:ladder":1,"minecraft:wooden_pickaxe":1,"minecraft:potion":2,"iceandfire:manuscript":29,"minecraft:string":10,"minecraft:iron_leggings":1,"minecraft:item_frame":1,"minecraft:armor_stand":2,"minecraft:beetroot":1,"ecologics:walnut_sapling":2,"minecraft:sea_pickle":1,"supplementaries:bomb":3,"iceandfire:bestiary":1,"minecraft:cobbled_deepslate":4,"minecraft:beef":9,"luminousworld:white_oak_plank":3,"minecraft:melon_slice":6,"minecraft:birch_sapling":10,"minecraft:chest":1,"minecraft:stick":109,"minecraft:raw_iron":6,"minecraft:stripped_mangrove_wood":8,"minecraft:oak_door":9,"ecologics:walnut_log":5,"minecraft:oak_fence":14,"minecraft:torch":29,"minecraft:bowl":1,"minecraft:acacia_log":8,"minecraft:porkchop":2,"tombstone:grave_dust":1,"minecraft:diorite":1,"minecraft:carrot":1,"tombstone:lollipop":2,"luminousworld:white_oak_sapling":10,"minecraft:arrow":2,"luminousworld:grassflowers":3,"minecraft:honey_bottle":1,"quark:clear_shard":9,"minecraft:rotten_flesh":19,"luminousworld:yellow_grassflowers":6,"minecraft:hay_block":20,"luminousworld:tall_deadbush":1,"minecraft:mutton":2,"undead_revamp2:arapholia":4,"minecraft:white_wool":7,"minecraft:cobblestone":489,"minecraft:birch_log":30,"born_in_chaos_v1:corpse_maggot":2,"ecologics:walnut":5,"minecraft:cooked_beef":8,"minecraft:andesite":6,"luminousworld:ishstone":2,"minecraft:black_bed":1,"minecraft:leather":4,"minecraft:oak_log":310,"minecraft:chainmail_chestplate":1,"minecraft:gunpowder":2,"minecraft:lapis_lazuli":39,"minecraft:paper":6,"minecraft:dirt":593,"born_in_chaos_v1:marigolds":1,"minecraft:bone":13,"minecraft:apple":11,"minecraft:kelp":1,"minecraft:wheat_seeds":213,"minecraft:raw_gold":1,"minecraft:iron_ingot":1,"luminousworld:elephant_grass":1,"artifacts:steadfast_spikes":1,"minecraft:oak_planks":165,"minecraft:book":1,"minecraft:cooked_porkchop":20,"minecraft:pumpkin":1,"minecraft:oak_pressure_plate":4,"minecraft:gravel":5,"minecraft:spider_eye":1,"minecraft:barrel":1,"minecraft:ink_sac":1,"quark:oak_chest":1,"minecraft:white_bed":3,"minecraft:dark_oak_fence_gate":1,"luminousworld:whiteoaklog":54,"minecraft:iron_helmet":1,"minecraft:chainmail_leggings":1,"minecraft:bread":5,"minecraft:chainmail_helmet":1,"tombstone:magic_scroll":2,"minecraft:oak_sapling":88,"minecraft:coal":30}},"DataVersion":3465}