{"stats":{"minecraft:mined":{"luminousworld:groundpebbles_1":1,"minecraft:acacia_leaves":4,"iceandfire:silver_ore":9,"minecraft:mossy_cobblestone":6,"minecraft:crafting_table":4,"minecraft:acacia_log":2,"minecraft:grass_block":19,"minecraft:melon":9,"iceandfire:pixie_house_oak":1,"minecraft:copper_ore":21,"minecraft:wall_torch":1,"luminousworld:whiteoaklog":11,"minecraft:birch_log":76,"minecraft:iron_ore":26,"minecraft:birch_leaves":1,"minecraft:grass":1,"minecraft:oak_log":67,"minecraft:coal_ore":142,"minecraft:dirt":11,"minecraft:cobweb":4,"minecraft:stone":274,"luminousworld:savannah_grass_4":1,"minecraft:oak_leaves":15},"minecraft:killed_by":{"minecraft:zombie":1},"minecraft:custom":{"minecraft:interact_with_furnace":15,"minecraft:mob_kills":9,"minecraft:interact_with_crafting_table":17,"minecraft:time_since_death":12667,"minecraft:time_since_rest":12492,"minecraft:sprint_one_cm":98563,"minecraft:damage_taken":695,"minecraft:walk_one_cm":137726,"minecraft:drop":11,"minecraft:damage_dealt":1827,"minecraft:swim_one_cm":6453,"minecraft:fly_one_cm":84330,"minecraft:crouch_one_cm":641,"minecraft:play_time":40827,"tombstone:undead_killed":7,"minecraft:deaths":2,"minecraft:sneak_time":121,"minecraft:walk_under_water_one_cm":8341,"minecraft:jump":660,"minecraft:walk_on_water_one_cm":8286,"minecraft:total_world_time":40827,"minecraft:fall_one_cm":15230},"minecraft:used":{"minecraft:stone_sword":28,"fabledweaponry:scimitar_iron":1,"minecraft:stone_pickaxe":425,"minecraft:wooden_pickaxe":59,"fabledweaponry:scimitar_stone":54,"minecraft:torch":11,"minecraft:crafting_table":5,"minecraft:wooden_axe":68,"minecraft:apple":1,"minecraft:melon_slice":7,"minecraft:iron_boots":1,"minecraft:stone_axe":147,"minecraft:cobblestone":36,"minecraft:furnace":2},"minecraft:broken":{"minecraft:stone_pickaxe":3,"minecraft:stone_axe":1,"minecraft:wooden_axe":1,"minecraft:wooden_pickaxe":1},"minecraft:dropped":{"alexsmobs:acacia_blossom":1,"minecraft:birch_sapling":16,"minecraft:rotten_flesh":5,"minecraft:acacia_sapling":2,"minecraft:oak_sapling":5,"tombstone:lollipop":1},"minecraft:killed":{"born_in_chaos_v1:mr_pumpkin":1,"earthmobsmod:bouldering_zombie":1,"born_in_chaos_v1:baby_skeleton":1,"minecraft:zombie":4,"alexsmobs:crow":1,"undead_revamp2:sucker":1},"minecraft:crafted":{"minecraft:oak_planks":60,"fabledweaponry:scimitar_stone":1,"minecraft:crafting_table":2,"minecraft:iron_helmet":1,"minecraft:wooden_pickaxe":1,"minecraft:furnace":2,"fabledweaponry:scimitar_iron":1,"minecraft:stone_axe":2,"minecraft:air":0,"minecraft:iron_chestplate":1,"minecraft:iron_boots":1,"minecraft:stick":8,"minecraft:iron_ingot":41,"minecraft:stone_pickaxe":4,"minecraft:wooden_axe":1,"minecraft:stone_sword":1,"minecraft:acacia_planks":8,"minecraft:torch":24},"minecraft:picked_up":{"minecraft:birch_log":75,"luminousworld:groundpebbles_1":1,"minecraft:crafting_table":4,"iceandfire:pixie_house_oak":1,"alexsmobs:acacia_blossom":1,"minecraft:oak_log":48,"minecraft:dirt":29,"minecraft:string":4,"minecraft:bone":1,"minecraft:apple":2,"minecraft:iron_ingot":33,"minecraft:melon_slice":36,"minecraft:birch_sapling":32,"minecraft:acacia_sapling":2,"minecraft:stick":18,"minecraft:raw_iron":1,"minecraft:torch":1,"minecraft:acacia_log":2,"tombstone:grave_dust":6,"minecraft:mossy_cobblestone":3,"luminousworld:whiteoaklog":10,"tombstone:lollipop":2,"minecraft:rotten_flesh":10,"minecraft:oak_sapling":13,"minecraft:cobblestone":266}},"DataVersion":3465}