{"stats":{"minecraft:mined":{"luminousworld:groundpebbles_1":5,"luminousworld:savannah_soil":3,"minecraft:acacia_leaves":3,"minecraft:white_bed":3,"luminousworld:tall_deadbush":1,"minecraft:melon_stem":1,"minecraft:crafting_table":1,"minecraft:acacia_log":9,"minecraft:melon":1,"minecraft:chest":1,"minecraft:glass":4,"minecraft:tall_grass":3,"luminousworld:groundpebbles_3":1,"minecraft:hay_block":20,"minecraft:wheat":53,"minecraft:dark_oak_fence_gate":1,"minecraft:pumpkin":1,"minecraft:grass":5,"minecraft:oak_log":5,"minecraft:acacia_fence":1,"luminousworld:grassvariant_3":1,"luminousworld:groundpebbles_2":2,"luminousworld:savannah_grass_4":9,"minecraft:stripped_mangrove_wood":4,"luminousworld:elephant_grass":2,"minecraft:white_wool":5,"minecraft:cake":1,"luminousworld:savannah_ground":2},"minecraft:custom":{"minecraft:interact_with_furnace":18,"minecraft:mob_kills":7,"minecraft:interact_with_crafting_table":1,"minecraft:tune_noteblock":1,"minecraft:open_barrel":7,"minecraft:damage_dealt_resisted":6,"minecraft:eat_cake_slice":23,"minecraft:leave_game":1,"minecraft:time_since_death":38318,"minecraft:sleep_in_bed":1,"minecraft:time_since_rest":7054,"minecraft:sprint_one_cm":84999,"minecraft:damage_taken":575,"minecraft:walk_one_cm":135518,"minecraft:drop":86,"minecraft:damage_dealt":1024,"minecraft:swim_one_cm":6300,"minecraft:talked_to_villager":1,"minecraft:fly_one_cm":55349,"minecraft:open_chest":13,"minecraft:crouch_one_cm":247,"minecraft:play_time":38318,"tombstone:undead_killed":2,"minecraft:sneak_time":71,"minecraft:walk_under_water_one_cm":919,"minecraft:jump":273,"minecraft:interact_with_brewingstand":1,"minecraft:interact_with_smoker":4,"minecraft:interact_with_blast_furnace":3,"minecraft:walk_on_water_one_cm":5898,"minecraft:total_world_time":38318,"minecraft:fall_one_cm":3727},"minecraft:crafted":{"artifacts:eternal_steak":1,"minecraft:cooked_beef":5,"minecraft:oak_planks":20,"minecraft:cooked_porkchop":8,"minecraft:crafting_table":1,"minecraft:cooked_mutton":2,"minecraft:air":0,"minecraft:white_bed":1,"minecraft:acacia_planks":32},"minecraft:used":{"minecraft:crafting_table":1,"minecraft:mushroom_stew":2,"minecraft:white_bed":3,"minecraft:cake":3,"minecraft:apple":4,"minecraft:item_frame":2,"minecraft:cooked_porkchop":1,"minecraft:pumpkin_pie":1,"alexsmobs:animal_dictionary":1},"minecraft:dropped":{"minecraft:bread":5,"minecraft:stripped_mangrove_wood":4,"minecraft:wheat_seeds":65,"minecraft:bowl":3,"minecraft:rotten_flesh":1,"luminousworld:tall_deadbush":1,"minecraft:dark_oak_fence_gate":1,"minecraft:chainmail_chestplate":1,"quark:clear_shard":8,"luminousworld:groundpebbles_1":7,"artifacts:steadfast_spikes":1,"minecraft:chest":1,"minecraft:potion":1,"tombstone:grave_dust":1,"luminousworld:elephant_grass":1,"minecraft:paper":9,"minecraft:armor_stand":2},"minecraft:picked_up":{"minecraft:iron_chestplate":1,"minecraft:crafting_table":1,"luminousworld:groundpebbles_1":7,"minecraft:wheat":45,"minecraft:chainmail_boots":1,"minecraft:leather":2,"minecraft:potion":1,"minecraft:chainmail_chestplate":1,"minecraft:oak_log":9,"minecraft:paper":6,"minecraft:armor_stand":2,"minecraft:item_frame":1,"minecraft:bone":2,"minecraft:beetroot":1,"minecraft:wheat_seeds":193,"minecraft:iron_ingot":1,"minecraft:beef":3,"luminousworld:elephant_grass":1,"artifacts:steadfast_spikes":1,"minecraft:melon_slice":6,"minecraft:chest":1,"minecraft:stripped_mangrove_wood":8,"minecraft:cooked_porkchop":2,"minecraft:pumpkin":1,"minecraft:bowl":1,"minecraft:acacia_log":8,"minecraft:porkchop":2,"tombstone:grave_dust":1,"minecraft:white_bed":3,"minecraft:carrot":1,"minecraft:dark_oak_fence_gate":1,"quark:clear_shard":9,"minecraft:honey_bottle":1,"minecraft:rotten_flesh":1,"minecraft:chainmail_leggings":1,"minecraft:hay_block":20,"minecraft:bread":5,"minecraft:chainmail_helmet":1,"luminousworld:tall_deadbush":1,"minecraft:mutton":2,"minecraft:white_wool":7},"minecraft:killed":{"minecraft:sheep":2,"minecraft:skeleton":1,"luminousworld:savannah_zombie":1,"minecraft:cow":1}},"DataVersion":3465}