{"stats":{"minecraft:killed_by":{"minecraft:husk":1,"undead_revamp2:bomber":1,"minecraft:spider":1},"minecraft:mined":{"luminousworld:white_petunias":1,"minecraft:acacia_leaves":2,"luminousworld:yellowpetunias":1,"iceandfire:silver_ore":3,"luminousworld:tall_deadbush":2,"minecraft:cobblestone_stairs":2,"minecraft:dandelion":1,"minecraft:crafting_table":1,"luminousworld:savannah_grass_1":47,"minecraft:granite":50,"minecraft:acacia_log":44,"minecraft:grass_block":2,"minecraft:jungle_log":95,"luminousworld:grassvariant_2":10,"minecraft:tall_grass":8,"minecraft:diorite":17,"luminousworld:groundpebbles_3":1,"luminousworld:savanna_grass_2":36,"minecraft:hay_block":16,"luminousworld:yellow_grassflowers":1,"minecraft:iron_ore":14,"luminousworld:bao_bob_log":3,"minecraft:grass":65,"luminousworld:ishstone":18,"minecraft:coal_ore":42,"minecraft:oak_log":45,"minecraft:vine":2,"minecraft:gravel":4,"minecraft:sand":17,"minecraft:dirt":9,"luminousworld:grassvariant_3":10,"minecraft:stone":508,"luminousworld:savannah_grass_4":40,"luminousworld:elephant_grass":7,"minecraft:oak_leaves":4,"minecraft:fern":5,"luminousworld:savannah_ground":3},"minecraft:dropped":{"minecraft:oak_log":2,"minecraft:cobblestone":65,"luminousworld:tall_deadbush":2,"minecraft:oak_planks":128,"minecraft:shield":1,"minecraft:andesite":1,"luminousworld:savannah_ground":3,"minecraft:jungle_log":13,"minecraft:bone":8},"minecraft:custom":{"minecraft:interact_with_furnace":13,"minecraft:mob_kills":6,"minecraft:interact_with_crafting_table":13,"minecraft:open_barrel":9,"minecraft:damage_dealt_resisted":20,"minecraft:leave_game":1,"minecraft:time_since_death":17437,"minecraft:climb_one_cm":2303,"minecraft:time_since_rest":17221,"minecraft:sprint_one_cm":76714,"minecraft:damage_taken":1468,"minecraft:walk_one_cm":152107,"minecraft:drop":16,"minecraft:damage_dealt":1955,"minecraft:swim_one_cm":19873,"minecraft:fly_one_cm":77848,"minecraft:player_kills":1,"minecraft:open_chest":14,"minecraft:crouch_one_cm":88,"minecraft:play_time":34094,"tombstone:undead_killed":4,"minecraft:deaths":4,"minecraft:sneak_time":73,"minecraft:walk_under_water_one_cm":3597,"tombstone:tomb_raiding":1,"minecraft:jump":505,"minecraft:walk_on_water_one_cm":6367,"minecraft:total_world_time":34094,"minecraft:fall_one_cm":9323},"minecraft:killed":{"enemyexpansion:sprinter":1,"enemyexpansion:direwolf":1,"minecraft:zombie_horse":1,"born_in_chaos_v1:decrepit_skeleton":1,"minecraft:skeleton":1},"minecraft:picked_up":{"luminousworld:groundpebbles_1":1,"born_in_chaos_v1:corpse_maggot":2,"minecraft:iron_chestplate":1,"minecraft:crafting_table":1,"luminousworld:savannah_ground":3,"luminousworld:ishstone":12,"minecraft:jungle_log":90,"minecraft:andesite":1,"alexsmobs:acacia_blossom":1,"minecraft:oak_log":41,"minecraft:shield":2,"minecraft:cobblestone_stairs":2,"minecraft:dirt":8,"minecraft:bone":12,"minecraft:wheat_seeds":4,"alexsmobs:banana":2,"luminousworld:elephant_grass":1,"minecraft:jungle_sapling":2,"luminousworld:white_petunias":1,"minecraft:oak_planks":70,"minecraft:acacia_sapling":13,"minecraft:stick":126,"minecraft:acacia_log":43,"minecraft:gravel":4,"minecraft:sand":17,"minecraft:diorite":17,"minecraft:arrow":2,"minecraft:rotten_flesh":5,"minecraft:hay_block":16,"minecraft:granite":47,"alexsmobs:emu_egg":1,"luminousworld:tall_deadbush":4,"minecraft:oak_sapling":7,"luminousworld:bao_bob_log":3,"minecraft:coal":21,"minecraft:cobblestone":555},"minecraft:used":{"minecraft:cobblestone_stairs":30,"fabledweaponry:scimitar_iron":9,"minecraft:stone_pickaxe":641,"minecraft:wooden_pickaxe":253,"minecraft:torch":3,"fabledweaponry:scimitar_stone":108,"minecraft:dirt":8,"minecraft:crafting_table":2,"minecraft:wooden_axe":64,"minecraft:bread":8,"tombstone:grave_key":1,"minecraft:stone_axe":135,"minecraft:cobblestone":2,"minecraft:furnace":3,"quark:oak_chest":2},"minecraft:crafted":{"minecraft:oak_planks":128,"fabledweaponry:scimitar_stone":1,"minecraft:crafting_table":1,"minecraft:wooden_pickaxe":1,"minecraft:furnace":1,"minecraft:cobblestone_stairs":124,"minecraft:stone_axe":1,"minecraft:air":0,"minecraft:bread":48,"minecraft:stick":56,"minecraft:iron_ingot":2,"minecraft:stone_pickaxe":6,"minecraft:wooden_axe":1,"minecraft:acacia_planks":172,"minecraft:wheat":144},"minecraft:broken":{"minecraft:stone_pickaxe":4,"minecraft:stone_axe":1,"minecraft:wooden_axe":1,"minecraft:wooden_pickaxe":1}},"DataVersion":3465}