{"stats":{"minecraft:mined":{"luminousworld:whiteoaklog":11,"luminousworld:groundpebbles_1":1,"minecraft:acacia_leaves":4,"iceandfire:silver_ore":9,"minecraft:iron_ore":15,"minecraft:birch_log":64,"minecraft:birch_leaves":1,"minecraft:crafting_table":3,"minecraft:grass":1,"minecraft:grass_block":19,"minecraft:acacia_log":2,"minecraft:coal_ore":132,"minecraft:oak_log":61,"minecraft:dirt":11,"minecraft:copper_ore":21,"minecraft:stone":274,"luminousworld:savannah_grass_4":1,"minecraft:oak_leaves":15,"minecraft:wall_torch":1},"minecraft:killed_by":{"minecraft:zombie":1},"minecraft:custom":{"minecraft:time_since_rest":492,"minecraft:interact_with_furnace":3,"minecraft:sprint_one_cm":78309,"minecraft:damage_taken":490,"minecraft:walk_one_cm":89014,"minecraft:mob_kills":4,"minecraft:drop":5,"minecraft:damage_dealt":733,"minecraft:swim_one_cm":6379,"minecraft:interact_with_crafting_table":8,"minecraft:fly_one_cm":68946,"minecraft:deaths":2,"minecraft:crouch_one_cm":278,"minecraft:play_time":28827,"tombstone:undead_killed":2,"minecraft:sneak_time":53,"minecraft:walk_under_water_one_cm":2776,"minecraft:jump":456,"minecraft:walk_on_water_one_cm":1476,"minecraft:time_since_death":667,"minecraft:total_world_time":28827,"minecraft:fall_one_cm":13498},"minecraft:used":{"minecraft:wooden_axe":68,"minecraft:apple":1,"minecraft:stone_sword":28,"minecraft:stone_pickaxe":397,"minecraft:wooden_pickaxe":59,"minecraft:stone_axe":103,"minecraft:torch":9,"minecraft:cobblestone":11,"minecraft:crafting_table":4,"minecraft:furnace":1},"minecraft:broken":{"minecraft:stone_pickaxe":3,"minecraft:wooden_axe":1,"minecraft:wooden_pickaxe":1},"minecraft:dropped":{"minecraft:oak_sapling":5},"minecraft:killed":{"born_in_chaos_v1:mr_pumpkin":1,"minecraft:zombie":1,"alexsmobs:crow":1,"undead_revamp2:sucker":1},"minecraft:crafted":{"minecraft:oak_planks":60,"minecraft:crafting_table":2,"minecraft:stick":8,"minecraft:wooden_pickaxe":1,"minecraft:stone_pickaxe":4,"minecraft:wooden_axe":1,"minecraft:stone_sword":1,"minecraft:furnace":1,"minecraft:acacia_planks":8,"minecraft:torch":24,"minecraft:stone_axe":1},"minecraft:picked_up":{"minecraft:birch_log":63,"luminousworld:groundpebbles_1":1,"minecraft:stick":15,"minecraft:crafting_table":3,"minecraft:torch":1,"alexsmobs:acacia_blossom":1,"minecraft:acacia_log":2,"minecraft:oak_log":42,"tombstone:lollipop":1,"minecraft:dirt":29,"luminousworld:whiteoaklog":10,"minecraft:rotten_flesh":2,"minecraft:apple":2,"minecraft:oak_sapling":12,"minecraft:birch_sapling":15,"minecraft:acacia_sapling":2,"minecraft:cobblestone":266,"minecraft:raw_iron":1}},"DataVersion":3465}