{"stats":{"minecraft:broken":{"minecraft:wooden_pickaxe":1},"minecraft:mined":{"luminousworld:clovers_1":2,"luminousworld:grassvariant_4":3,"luminousworld:birchtreemushrooms":1,"minecraft:birch_log":19,"minecraft:birch_leaves":9,"minecraft:grass":4,"minecraft:grass_block":1,"luminousworld:grassvariant_3":2,"ecologics:coconut_log":1,"luminousworld:decorative_brown_2":1,"minecraft:stone":17},"minecraft:killed_by":{"naturalist:snake":1,"enemyexpansion:direwolf":1},"minecraft:picked_up":{"minecraft:birch_log":19,"minecraft:stick":3,"minecraft:crafting_table":1,"luminousworld:clovers_1":2,"ecologics:coconut_slice":4,"minecraft:brown_mushroom":2,"minecraft:dirt":1,"ecologics:coconut_log":3,"minecraft:mutton":2,"minecraft:birch_sapling":6,"minecraft:white_wool":1,"minecraft:cobblestone":16},"minecraft:custom":{"minecraft:time_since_rest":1152,"minecraft:sprint_one_cm":40793,"minecraft:damage_taken":491,"minecraft:walk_one_cm":44054,"minecraft:mob_kills":2,"minecraft:damage_dealt":561,"minecraft:swim_one_cm":1767,"minecraft:interact_with_crafting_table":5,"minecraft:fly_one_cm":61007,"minecraft:crouch_one_cm":445,"minecraft:play_time":18880,"minecraft:deaths":2,"minecraft:sneak_time":719,"minecraft:walk_under_water_one_cm":214,"minecraft:jump":261,"minecraft:leave_game":2,"minecraft:time_since_death":1352,"minecraft:walk_on_water_one_cm":856,"minecraft:total_world_time":18880,"minecraft:fall_one_cm":27235},"minecraft:killed":{"luminousworld:crab":1,"minecraft:sheep":1},"minecraft:used":{"minecraft:wooden_pickaxe":60,"tombstone:grave_key":2,"minecraft:crafting_table":1},"minecraft:crafted":{"ecologics:coconut_planks":12,"minecraft:stick":144,"minecraft:wooden_pickaxe":4,"minecraft:birch_planks":72}},"DataVersion":3465}