{"stats":{"minecraft:mined":{"luminousworld:groundpebbles_1":5,"luminousworld:savannah_soil":3,"minecraft:acacia_leaves":3,"minecraft:white_bed":3,"luminousworld:tall_deadbush":1,"minecraft:melon_stem":1,"minecraft:crafting_table":1,"minecraft:acacia_log":9,"minecraft:grass_block":6,"minecraft:melon":1,"minecraft:chest":1,"luminousworld:auburnlog":7,"luminousworld:grassvariant_2":1,"minecraft:glass":4,"minecraft:tall_grass":3,"minecraft:wall_torch":1,"luminousworld:groundpebbles_3":1,"luminousworld:whiteoaklog":11,"minecraft:hay_block":20,"minecraft:wheat":53,"minecraft:dark_oak_fence_gate":1,"minecraft:pumpkin":1,"minecraft:grass":12,"minecraft:oak_log":74,"minecraft:acacia_fence":1,"minecraft:dirt":24,"luminousworld:grassvariant_3":1,"minecraft:stone":51,"luminousworld:groundpebbles_2":2,"luminousworld:savannah_grass_4":9,"minecraft:stripped_mangrove_wood":4,"luminousworld:elephant_grass":2,"minecraft:white_wool":5,"minecraft:cake":1,"minecraft:oak_leaves":3,"luminousworld:savannah_ground":2},"minecraft:custom":{"minecraft:interact_with_furnace":18,"minecraft:mob_kills":9,"minecraft:interact_with_crafting_table":8,"minecraft:tune_noteblock":1,"minecraft:open_barrel":7,"minecraft:damage_dealt_resisted":6,"minecraft:eat_cake_slice":23,"minecraft:leave_game":1,"minecraft:time_since_death":62318,"minecraft:sleep_in_bed":1,"minecraft:time_since_rest":31054,"minecraft:sprint_one_cm":137603,"minecraft:damage_taken":900,"minecraft:walk_one_cm":190033,"minecraft:drop":105,"minecraft:damage_dealt":1371,"minecraft:swim_one_cm":6300,"minecraft:talked_to_villager":1,"minecraft:fly_one_cm":139119,"minecraft:open_chest":13,"minecraft:crouch_one_cm":879,"minecraft:play_time":62318,"tombstone:undead_killed":3,"minecraft:sneak_time":191,"minecraft:walk_under_water_one_cm":919,"minecraft:jump":691,"minecraft:interact_with_brewingstand":1,"minecraft:interact_with_smoker":4,"minecraft:interact_with_blast_furnace":3,"minecraft:walk_on_water_one_cm":5898,"minecraft:total_world_time":62318,"minecraft:fall_one_cm":11299},"minecraft:crafted":{"artifacts:eternal_steak":1,"minecraft:cooked_beef":5,"minecraft:oak_planks":20,"minecraft:cooked_porkchop":8,"minecraft:crafting_table":1,"minecraft:wooden_pickaxe":1,"minecraft:stone_axe":1,"minecraft:cooked_mutton":2,"minecraft:air":0,"minecraft:stick":16,"minecraft:stone_pickaxe":1,"minecraft:white_bed":1,"minecraft:acacia_planks":32,"minecraft:torch":32},"minecraft:used":{"minecraft:stone_pickaxe":44,"minecraft:oak_planks":1,"minecraft:wooden_pickaxe":24,"artifacts:eternal_steak":3,"minecraft:torch":3,"minecraft:crafting_table":2,"minecraft:mushroom_stew":2,"minecraft:white_bed":4,"minecraft:cake":3,"minecraft:apple":6,"minecraft:item_frame":2,"minecraft:stone_axe":124,"minecraft:cooked_porkchop":1,"minecraft:pumpkin_pie":1,"alexsmobs:animal_dictionary":1},"minecraft:dropped":{"minecraft:bread":10,"minecraft:stripped_mangrove_wood":8,"minecraft:wheat_seeds":65,"luminousworld:white_oak_sapling":1,"minecraft:bowl":3,"minecraft:cooked_porkchop":18,"minecraft:cobblestone":2,"minecraft:rotten_flesh":1,"luminousworld:tall_deadbush":1,"minecraft:oak_planks":13,"minecraft:dark_oak_fence_gate":1,"minecraft:chainmail_chestplate":1,"minecraft:dirt":36,"quark:clear_shard":8,"luminousworld:groundpebbles_1":7,"artifacts:steadfast_spikes":1,"minecraft:chest":1,"minecraft:potion":3,"tombstone:grave_dust":1,"minecraft:pumpkin":1,"luminousworld:elephant_grass":1,"minecraft:wooden_pickaxe":2,"minecraft:paper":9,"iceandfire:manuscript":29,"minecraft:bone":2,"minecraft:armor_stand":2},"minecraft:picked_up":{"minecraft:iron_chestplate":1,"minecraft:crafting_table":1,"luminousworld:groundpebbles_1":7,"minecraft:wheat":45,"minecraft:chainmail_boots":1,"minecraft:leather":2,"minecraft:wooden_pickaxe":1,"minecraft:potion":2,"minecraft:chainmail_chestplate":1,"minecraft:oak_log":77,"iceandfire:manuscript":29,"minecraft:dirt":36,"minecraft:paper":6,"minecraft:armor_stand":2,"minecraft:item_frame":1,"minecraft:bone":5,"minecraft:apple":3,"minecraft:beetroot":1,"minecraft:wheat_seeds":193,"minecraft:iron_ingot":1,"minecraft:beef":3,"luminousworld:elephant_grass":1,"artifacts:steadfast_spikes":1,"minecraft:oak_planks":15,"minecraft:melon_slice":6,"minecraft:chest":1,"minecraft:stick":24,"minecraft:stripped_mangrove_wood":8,"minecraft:cooked_porkchop":20,"minecraft:pumpkin":1,"minecraft:torch":1,"minecraft:bowl":1,"minecraft:acacia_log":8,"minecraft:porkchop":2,"tombstone:grave_dust":1,"minecraft:white_bed":3,"minecraft:carrot":1,"minecraft:dark_oak_fence_gate":1,"luminousworld:whiteoaklog":11,"luminousworld:white_oak_sapling":1,"quark:clear_shard":9,"minecraft:honey_bottle":1,"minecraft:rotten_flesh":1,"minecraft:chainmail_leggings":1,"minecraft:hay_block":20,"minecraft:bread":5,"minecraft:chainmail_helmet":1,"luminousworld:tall_deadbush":1,"minecraft:mutton":2,"minecraft:cobblestone":93,"minecraft:white_wool":7},"minecraft:killed":{"enemyexpansion:direwolf":1,"minecraft:sheep":2,"minecraft:skeleton":1,"undead_revamp2:sucker":1,"luminousworld:savannah_zombie":1,"minecraft:cow":1}},"DataVersion":3465}