{"stats":{"minecraft:mined":{"luminousworld:groundpebbles_1":1,"iceandfire:silver_ore":11,"minecraft:mossy_cobblestone":6,"luminousworld:grassvariant_4":1,"minecraft:ladder":2,"minecraft:acacia_log":2,"minecraft:spruce_fence":3,"minecraft:grass_block":33,"iceandfire:pixie_house_oak":1,"luminousworld:clovers_2":1,"minecraft:spawner":11,"minecraft:furnace":1,"undead_revamp2:bostroxore":2,"minecraft:iron_ore":79,"minecraft:fire":1,"minecraft:fletching_table":1,"minecraft:azalea":1,"minecraft:stone":277,"uniquedungeons:climbing_rope":1,"minecraft:acacia_leaves":4,"minecraft:crafting_table":7,"minecraft:torch":9,"minecraft:melon":9,"minecraft:rose_bush":1,"minecraft:tall_grass":6,"minecraft:copper_ore":23,"minecraft:cobblestone":10,"minecraft:lapis_ore":3,"minecraft:oak_planks":3,"minecraft:sugar_cane":10,"minecraft:wall_torch":9,"luminousworld:whiteoaklog":11,"minecraft:birch_log":76,"minecraft:birch_leaves":1,"minecraft:grass":4,"minecraft:oak_log":99,"minecraft:coal_ore":199,"minecraft:cyan_carpet":7,"minecraft:smooth_quartz":6,"minecraft:dirt":20,"luminousworld:grassvariant_3":1,"minecraft:cobweb":9,"luminousworld:savannah_grass_4":1,"minecraft:gold_ore":1,"minecraft:oak_leaves":17},"minecraft:crafted":{"minecraft:oak_planks":60,"minecraft:furnace":5,"minecraft:bow":1,"minecraft:iron_boots":1,"minecraft:iron_axe":1,"minecraft:stone_pickaxe":4,"minecraft:cooked_beef":14,"fabledweaponry:scimitar_stone":1,"minecraft:crafting_table":3,"minecraft:wooden_pickaxe":1,"minecraft:iron_helmet":1,"fabledweaponry:scimitar_iron":2,"minecraft:stone_axe":2,"minecraft:air":0,"minecraft:iron_chestplate":1,"minecraft:stick":36,"minecraft:iron_ingot":88,"minecraft:iron_pickaxe":1,"minecraft:wooden_axe":1,"minecraft:stone_sword":1,"minecraft:acacia_planks":8,"minecraft:torch":24},"minecraft:used":{"minecraft:stone_sword":28,"fabledweaponry:scimitar_iron":207,"minecraft:iron_shovel":20,"minecraft:shield":6,"tombstone:lollipop":1,"minecraft:torch":139,"born_in_chaos_v1:corpse_maggot":1,"minecraft:wooden_axe":68,"minecraft:iron_axe":51,"minecraft:iron_boots":1,"undead_revamp2:huntereye":1,"minecraft:bow":2,"minecraft:furnace":5,"tombstone:gift":1,"minecraft:cooked_beef":14,"minecraft:stone_pickaxe":515,"minecraft:oak_planks":28,"minecraft:wooden_pickaxe":59,"luminousworld:white_oak_plank":40,"fabledweaponry:scimitar_stone":72,"minecraft:golden_apple":2,"minecraft:crafting_table":9,"minecraft:apple":19,"minecraft:melon_slice":35,"minecraft:bread":15,"minecraft:iron_pickaxe":71,"tombstone:magic_scroll":1,"tombstone:grave_key":4,"minecraft:stone_axe":199,"minecraft:diamond_sword":547,"minecraft:cobblestone":154},"minecraft:dropped":{"minecraft:iron_ingot":28,"minecraft:wheat_seeds":16,"minecraft:mossy_cobblestone":3,"minecraft:iron_helmet":1,"minecraft:cobblestone":103,"minecraft:glow_berries":1,"minecraft:apple":6,"iceandfire:pixie_house_oak":2,"minecraft:coal":14,"minecraft:item_frame":3,"minecraft:dirt":32,"tombstone:bag_of_seeds":1,"minecraft:torch":60,"minecraft:rose_bush":2,"tombstone:grave_dust":20,"minecraft:iron_leggings":2,"tombstone:lollipop":2,"minecraft:furnace":1,"alexsmobs:acacia_blossom":1,"alexsmobs:animal_dictionary":1,"minecraft:birch_sapling":32,"tombstone:gift":1,"minecraft:rotten_flesh":33,"minecraft:oak_planks":10,"minecraft:spruce_fence":1,"fabledweaponry:scimitar_stone":2,"minecraft:diamond_sword":1,"minecraft:bundle":1,"luminousworld:groundpebbles_1":2,"minecraft:melon_seeds":2,"born_in_chaos_v1:corpse_maggot":1,"minecraft:oak_sapling":21,"minecraft:acacia_sapling":2,"iceandfire:pixie_dust":2,"minecraft:bow":1,"minecraft:stone_pickaxe":1,"undead_revamp2:rawbostrox":3},"minecraft:picked_up":{"minecraft:cocoa_beans":5,"luminousworld:groundpebbles_1":2,"minecraft:crafting_table":6,"iceandfire:witherbone":22,"iceandfire:pixie_house_oak":2,"minecraft:diamond_sword":5,"fabledweaponry:scimitar_stone":1,"minecraft:string":60,"minecraft:iron_leggings":1,"minecraft:item_frame":3,"minecraft:iron_shovel":2,"minecraft:beef":15,"minecraft:rose_bush":2,"minecraft:smooth_quartz":3,"fabledweaponry:scimitar_iron":1,"minecraft:melon_slice":36,"minecraft:sugar_cane":23,"minecraft:birch_sapling":32,"minecraft:furnace":1,"iceandfire:pixie_dust":2,"minecraft:stick":18,"minecraft:raw_iron":7,"minecraft:acacia_log":2,"minecraft:torch":22,"minecraft:spruce_fence":3,"tombstone:grave_dust":20,"tombstone:lollipop":3,"minecraft:arrow":2,"minecraft:rotten_flesh":33,"minecraft:glow_berries":1,"minecraft:cobblestone":352,"minecraft:birch_log":75,"born_in_chaos_v1:corpse_maggot":2,"minecraft:cooked_beef":1,"minecraft:leather":5,"alexsmobs:acacia_blossom":1,"minecraft:oak_log":79,"undead_revamp2:huntereye":1,"minecraft:dirt":32,"tombstone:gift":2,"minecraft:bone":51,"minecraft:apple":25,"minecraft:bow":1,"minecraft:wheat_seeds":1,"minecraft:raw_gold":1,"minecraft:iron_ingot":61,"tombstone:bag_of_seeds":1,"minecraft:fletching_table":1,"minecraft:oak_planks":2,"minecraft:acacia_sapling":2,"minecraft:spider_eye":10,"minecraft:mossy_cobblestone":3,"luminousworld:whiteoaklog":10,"minecraft:bundle":1,"undead_revamp2:rawbostrox":6,"minecraft:iron_helmet":1,"minecraft:chainmail_leggings":1,"minecraft:golden_apple":1,"minecraft:bread":35,"minecraft:emerald":2,"tombstone:magic_scroll":3,"minecraft:oak_sapling":21,"minecraft:melon_seeds":4,"minecraft:coal":92},"minecraft:killed_by":{"minecraft:husk":1,"minecraft:player":1,"minecraft:wither_skeleton":1,"minecraft:zombie":1,"iceandfire:fire_dragon":1},"minecraft:custom":{"minecraft:interact_with_smithing_table":1,"minecraft:mob_kills":98,"minecraft:interact_with_crafting_table":34,"minecraft:open_barrel":10,"minecraft:damage_dealt_resisted":4515,"minecraft:leave_game":1,"minecraft:time_since_death":4592,"minecraft:climb_one_cm":4893,"minecraft:sprint_one_cm":442145,"minecraft:walk_one_cm":770792,"minecraft:damage_blocked_by_shield":190,"minecraft:drop":61,"tombstone:eaten_lollipop":1,"minecraft:play_noteblock":1,"minecraft:play_time":148149,"minecraft:deaths":9,"minecraft:sneak_time":566,"minecraft:walk_under_water_one_cm":10406,"minecraft:jump":2295,"minecraft:interact_with_brewingstand":1,"minecraft:walk_on_water_one_cm":18512,"minecraft:total_world_time":148149,"minecraft:interact_with_furnace":45,"minecraft:tune_noteblock":2,"minecraft:interact_with_cartography_table":1,"minecraft:sleep_in_bed":2,"minecraft:time_since_rest":4417,"minecraft:damage_taken":5733,"minecraft:damage_absorbed":80,"minecraft:damage_dealt":29937,"minecraft:swim_one_cm":58425,"minecraft:fly_one_cm":372691,"minecraft:open_chest":17,"minecraft:crouch_one_cm":3467,"tombstone:undead_killed":58,"minecraft:fall_one_cm":53906},"minecraft:broken":{"minecraft:wooden_pickaxe":1,"minecraft:stone_pickaxe":3,"minecraft:stone_axe":2,"minecraft:wooden_axe":1,"minecraft:diamond_sword":1},"minecraft:killed":{"minecraft:cave_spider":22,"born_in_chaos_v1:mr_pumpkin":1,"undead_revamp2:thehunter":1,"minecraft:spider":8,"minecraft:skeleton":9,"friendsandfoes:glare":2,"alexsmobs:bison":1,"undead_revamp2:sucker":1,"minecraft:husk":3,"earthmobsmod:bouldering_zombie":1,"born_in_chaos_v1:baby_skeleton":1,"enemyexpansion:sprinter":1,"minecraft:zombie":4,"alexsmobs:crow":1,"iceandfire:pixie":1,"luminousworld:dark_oak_zombie":1,"minecraft:wither_skeleton":36,"minecraft:cow":4}},"DataVersion":3465}