{"stats":{"minecraft:killed_by":{"minecraft:husk":1,"undead_revamp2:bomber":1,"minecraft:spider":1,"iceandfire:ghost":1},"minecraft:mined":{"luminousworld:white_petunias":1,"minecraft:acacia_leaves":2,"luminousworld:yellowpetunias":1,"iceandfire:silver_ore":3,"luminousworld:tall_deadbush":2,"minecraft:cobblestone_stairs":2,"minecraft:dandelion":1,"minecraft:crafting_table":1,"minecraft:torch":2,"luminousworld:savannah_grass_1":51,"minecraft:granite":51,"minecraft:acacia_log":44,"minecraft:grass_block":3,"minecraft:melon":5,"minecraft:jungle_log":95,"luminousworld:grassvariant_2":10,"minecraft:tall_grass":8,"minecraft:wall_torch":1,"minecraft:diorite":17,"luminousworld:groundpebbles_3":1,"luminousworld:savanna_grass_2":37,"minecraft:hay_block":39,"luminousworld:yellow_grassflowers":1,"minecraft:iron_ore":14,"minecraft:wheat":2,"luminousworld:bao_bob_log":3,"minecraft:grass":66,"luminousworld:ishstone":18,"minecraft:coal_ore":42,"minecraft:oak_log":45,"minecraft:vine":2,"minecraft:gravel":4,"minecraft:sand":17,"minecraft:dirt":12,"luminousworld:grassvariant_3":10,"minecraft:stone":512,"luminousworld:savannah_grass_4":43,"luminousworld:elephant_grass":8,"minecraft:oak_leaves":4,"minecraft:fern":5,"luminousworld:savannah_ground":3},"minecraft:dropped":{"minecraft:gravel":3,"minecraft:oak_log":3,"minecraft:cobblestone":113,"minecraft:rotten_flesh":1,"luminousworld:tall_deadbush":2,"minecraft:oak_planks":128,"minecraft:shield":1,"luminousworld:groundpebbles_1":1,"minecraft:andesite":1,"luminousworld:savannah_ground":3,"minecraft:jungle_log":13,"tombstone:grave_dust":4,"minecraft:bone":8,"tombstone:lollipop":1},"minecraft:custom":{"minecraft:interact_with_furnace":13,"minecraft:mob_kills":17,"tombstone:raider_killed":2,"minecraft:interact_with_crafting_table":14,"minecraft:open_barrel":9,"minecraft:damage_dealt_resisted":30,"minecraft:leave_game":1,"minecraft:time_since_death":3822,"minecraft:climb_one_cm":2714,"minecraft:time_since_rest":3624,"minecraft:sprint_one_cm":134701,"minecraft:damage_taken":1944,"minecraft:walk_one_cm":197234,"minecraft:drop":25,"minecraft:damage_dealt":4563,"tombstone:cast_on_ally":0,"minecraft:swim_one_cm":20650,"minecraft:fly_one_cm":141439,"minecraft:player_kills":1,"minecraft:open_chest":19,"minecraft:crouch_one_cm":88,"minecraft:play_time":46094,"tombstone:undead_killed":10,"minecraft:deaths":5,"minecraft:sneak_time":73,"minecraft:walk_under_water_one_cm":3732,"tombstone:tomb_raiding":1,"minecraft:jump":747,"minecraft:walk_on_water_one_cm":6840,"minecraft:total_world_time":46094,"minecraft:fall_one_cm":14796},"minecraft:killed":{"naturalist:zebra":1,"born_in_chaos_v1:restless_spirit":1,"takesapillage:legioner":1,"enemyexpansion:sprinter":1,"enemyexpansion:direwolf":1,"minecraft:zombie_horse":1,"born_in_chaos_v1:decrepit_skeleton":1,"born_in_chaos_v1:maggot":1,"minecraft:skeleton":1,"minecraft:pillager":1,"luminousworld:savannah_skeleton":1,"iceandfire:ghost":1,"luminousworld:savannah_zombie":4},"minecraft:picked_up":{"luminousworld:groundpebbles_1":1,"born_in_chaos_v1:corpse_maggot":2,"minecraft:iron_chestplate":1,"minecraft:crafting_table":1,"luminousworld:savannah_ground":3,"luminousworld:ishstone":12,"minecraft:jungle_log":90,"minecraft:andesite":1,"alexsmobs:acacia_blossom":1,"minecraft:oak_log":42,"minecraft:shield":3,"minecraft:cobblestone_stairs":2,"minecraft:dirt":8,"minecraft:bone":12,"minecraft:wheat_seeds":4,"alexsmobs:banana":2,"luminousworld:elephant_grass":1,"minecraft:jungle_sapling":2,"minecraft:melon_slice":28,"luminousworld:white_petunias":1,"minecraft:oak_planks":70,"minecraft:acacia_sapling":13,"minecraft:stick":126,"minecraft:torch":2,"minecraft:acacia_log":43,"minecraft:gravel":4,"minecraft:sand":17,"tombstone:grave_dust":4,"minecraft:diorite":17,"tombstone:lollipop":1,"minecraft:arrow":3,"minecraft:rotten_flesh":6,"minecraft:hay_block":39,"minecraft:granite":47,"alexsmobs:emu_egg":1,"luminousworld:tall_deadbush":4,"tombstone:magic_scroll":1,"minecraft:oak_sapling":7,"luminousworld:bao_bob_log":3,"minecraft:coal":21,"minecraft:cobblestone":608},"minecraft:used":{"minecraft:cobblestone_stairs":43,"fabledweaponry:scimitar_iron":9,"minecraft:stone_pickaxe":662,"minecraft:wooden_pickaxe":253,"minecraft:torch":10,"fabledweaponry:scimitar_stone":216,"minecraft:dirt":8,"minecraft:crafting_table":2,"minecraft:wooden_axe":64,"minecraft:bread":14,"tombstone:grave_key":1,"minecraft:stone_axe":135,"minecraft:cobblestone":2,"minecraft:furnace":3,"tombstone:scroll_of_unstable_intangibility":1,"quark:oak_chest":2},"minecraft:crafted":{"minecraft:oak_planks":128,"fabledweaponry:scimitar_stone":2,"minecraft:crafting_table":1,"minecraft:wooden_pickaxe":1,"minecraft:furnace":1,"minecraft:cobblestone_stairs":124,"minecraft:stone_axe":1,"minecraft:air":0,"minecraft:bread":48,"minecraft:stick":56,"minecraft:iron_ingot":2,"minecraft:stone_pickaxe":6,"minecraft:wooden_axe":1,"minecraft:acacia_planks":172,"minecraft:wheat":144},"minecraft:broken":{"minecraft:stone_pickaxe":5,"fabledweaponry:scimitar_stone":1,"minecraft:stone_axe":1,"minecraft:wooden_axe":1,"minecraft:wooden_pickaxe":1}},"DataVersion":3465}